PlayTime,Score,Coin
0,0,0
0.02,0,0
0.12,0,0
0.1569514,0,0
0.1699583,0,0
0.1748837,0,0
0.1801229,0,0
0.1848934,0,0
0.1892829,0,0
0.1937534,0,0
0.1980639,0,0
0.2025028,0,0
0.207146,0,0
0.2124735,0,0
0.2170833,0,0
0.221541,0,0
0.2260694,0,0
0.2304648,0,0
0.23484,0,0
0.2392125,0,0
0.2437703,0,0
0.2482887,0,0
0.2526781,0,0
0.2572314,0,0
0.2616433,0,0
0.2662136,0,0
0.2707976,0,0
0.2752818,0,0
0.2797321,0,0
0.2841092,0,0
0.28864,0,0
0.2930731,0,0
0.2975978,0,0
0.3019216,0,0
0.3065821,0,0
0.3111657,0,0
0.3155913,0,0
0.3201785,0,0
0.3247144,0,0
0.3291544,0,0
0.333691,0,0
0.3380397,0,0
0.342513,0,0
0.347054,0,0
0.351399,0,0
0.355908,0,0
0.3602718,0,0
0.3647861,0,0
0.3691484,0,0
0.3734658,0,0
0.3780474,0,0
0.3824565,0,0
0.3869892,0,0
0.3914578,0,0
0.395824,0,0
0.4003605,0,0
0.4048951,0,0
0.4093106,0,0
0.4136469,0,0
0.4185339,0,0
0.4231688,0,0
0.4276554,0,0
0.4320248,0,0
0.4363657,0,0
0.4407499,0,0
0.4453282,0,0
0.4497018,0,0
0.454083,0,0
0.4586007,0,0
0.462913,0,0
0.4675351,0,0
0.4719696,0,0
0.476341,0,0
0.480866,0,0
0.4852005,0,0
0.4895704,0,0
0.493969,0,0
0.4983376,0,0
0.5027038,0,0
0.5071154,0,0
0.5114792,0,0
0.516097,0,0
0.5204425,0,0
0.5247817,0,0
0.5292312,0,0
0.5335592,0,0
0.5380605,0,0
0.5424302,0,0
0.5468036,0,0
0.5511558,0,0
0.5555498,0,0
0.5600984,0,0
0.5644706,0,0
0.5688454,0,0
0.5733992,0,0
0.5778628,0,0
0.5821939,0,0
0.586506,0,0
0.5911186,0,0
0.5955846,0,0
0.5999852,0,0
0.6043165,0,0
0.6088149,0,0
0.6132667,0,0
0.6177968,0,0
0.6222316,0,0
0.6266276,0,0
0.6309364,0,0
0.6353303,0,0
0.6404894,0,0
0.6448672,0,0
0.6492357,0,0
0.6536756,0,0
0.6580251,0,0
0.6624846,0,0
0.6669321,0,0
0.6753143,0,0
0.6798428,0,0
0.6841788,0,0
0.6886484,0,0
0.6929704,0,0
0.697352,0,0
0.7019154,0,0
0.7062244,0,0
0.7106719,0,0
0.7150559,0,0
0.719353,0,0
0.7241825,0,0
0.7285943,0,0
0.7329382,0,0
0.7373104,0,0
0.7417916,0,0
0.7462004,0,0
0.7505511,0,0
0.7549302,0,0
0.7594053,0,0
0.7637499,0,0
0.7680711,0,0
0.7724647,0,0
0.7768436,0,0
0.781368,0,0
0.7857536,0,0
0.7902384,0,0
0.7946546,0,0
0.7990571,0,0
0.8035627,0,0
0.8081343,0,0
0.8125413,0,0
0.8168605,0,0
0.8212684,0,0
0.825611,0,0
0.8298984,0,0
0.8388183,0,0
0.8456266,1,0
0.85135,1,0
0.8557598,1,0
0.8601241,1,0
0.8646595,1,0
0.8690727,1,0
0.8736302,1,0
0.87825,1,0
0.8826209,1,0
0.8870767,1,0
0.8915385,1,0
0.8960009,1,0
0.9003775,1,0
0.9049595,1,0
0.9092909,1,0
0.9136482,1,0
0.9180403,1,0
0.9237918,1,0
0.9295914,1,0
0.933946,1,0
0.9385568,1,0
0.9428841,1,0
0.9474306,1,0
0.951784,1,0
0.9561665,1,0
0.9606566,1,0
0.9651753,1,0
0.9694803,1,0
0.974089,1,0
0.9785437,1,0
0.982874,1,0
0.9873739,1,0
0.9917405,1,0
0.9963658,1,0
1.00076,1,0
1.005215,1,0
1.009643,1,0
1.014049,1,0
1.018527,1,0
1.023042,1,0
1.027626,1,0
1.032126,1,0
1.036477,1,0
1.040823,1,0
1.045323,1,0
1.049689,1,0
1.054234,1,0
1.058624,1,0
1.062983,1,0
1.067479,1,0
1.071983,1,0
1.076546,1,0
1.08086,1,0
1.086276,1,0
1.092249,1,0
1.096622,1,0
1.101064,2,0
1.106154,2,0
1.110531,2,0
1.114964,2,0
1.119606,2,0
1.123967,2,0
1.12847,2,0
1.132836,2,0
1.137208,2,0
1.141788,2,0
1.146317,2,0
1.150772,2,0
1.156003,2,0
1.16201,2,0
1.166584,2,0
1.170894,2,0
1.175314,2,0
1.179692,2,0
1.184419,2,0
1.188978,2,0
1.193338,2,0
1.197691,2,0
1.202059,2,0
1.206748,2,0
1.211154,2,0
1.215554,2,0
1.219854,2,0
1.224255,2,0
1.228994,2,0
1.233519,2,0
1.238506,2,0
1.242935,2,0
1.24742,2,0
1.251858,2,0
1.256274,2,0
1.260657,2,0
1.265435,2,0
1.2698,2,0
1.274199,2,0
1.278594,2,0
1.282928,2,0
1.287613,2,0
1.292042,2,0
1.296438,2,0
1.30079,2,0
1.305331,2,0
1.309659,2,0
1.31405,2,0
1.318458,2,0
1.323735,2,0
1.329907,2,0
1.334551,2,0
1.338969,2,0
1.343329,3,0
1.347922,3,0
1.352525,3,0
1.356922,3,0
1.361336,3,0
1.365905,3,0
1.370307,3,0
1.374724,3,0
1.379086,3,0
1.383461,3,0
1.387952,3,0
1.39227,3,0
1.397566,3,0
1.403206,3,0
1.407744,3,0
1.412192,3,0
1.416787,3,0
1.421087,3,0
1.425678,3,0
1.430189,3,0
1.434489,3,0
1.438841,3,0
1.443272,3,0
1.447806,3,0
1.452186,3,0
1.456524,3,0
1.461006,3,0
1.465544,3,0
1.469886,3,0
1.474511,3,0
1.478884,3,0
1.483216,3,0
1.48796,3,0
1.492402,3,0
1.496973,3,0
1.501318,3,0
1.505904,3,0
1.510251,3,0
1.514605,3,0
1.519004,3,0
1.523371,3,0
1.527886,3,0
1.532201,3,0
1.536606,3,0
1.541023,3,0
1.545489,3,0
1.549885,3,0
1.554401,3,0
1.558762,3,0
1.56319,3,0
1.567756,3,0
1.572088,3,0
1.580688,3,0
1.585459,3,0
1.589861,3,0
1.594267,3,0
1.59867,3,0
1.602985,3,0
1.607517,3,0
1.612123,3,0
1.616766,3,0
1.621138,3,0
1.625702,3,0
1.630071,3,0
1.635382,3,0
1.641442,4,0
1.646361,4,0
1.650702,4,0
1.65511,4,0
1.65954,4,0
1.66385,4,0
1.669048,4,0
1.677191,4,0
1.685143,4,0
1.689787,4,0
1.694518,4,0
1.699056,4,0
1.703675,4,0
1.708306,4,0
1.712738,4,0
1.718379,4,0
1.724182,4,0
1.728815,4,0
1.733332,4,0
1.737993,4,0
1.742502,4,0
1.747101,4,0
1.751732,4,0
1.756276,4,0
1.760942,4,0
1.765546,4,0
1.770116,4,0
1.774649,4,0
1.779201,4,0
1.78392,4,0
1.788465,4,0
1.79334,4,0
1.801757,4,0
1.809875,4,0
1.814386,4,0
1.818802,4,0
1.823149,4,0
1.827699,4,0
1.832258,4,0
1.836661,4,0
1.841084,4,0
1.845506,4,0
1.849849,4,0
1.854218,4,0
1.858593,4,0
1.863034,4,0
1.868442,4,0
1.874497,4,0
1.878948,4,0
1.883325,5,0
1.88795,5,0
1.892308,5,0
1.896912,5,0
1.901253,5,0
1.906458,5,0
1.914634,5,0
1.923234,5,0
1.927812,5,0
1.933198,5,0
1.938993,5,0
1.943919,5,0
1.952294,5,0
1.959972,5,0
1.964315,5,0
1.968843,5,0
1.973242,5,0
1.977576,5,0
1.98194,5,0
1.98652,5,0
1.990836,5,0
1.995243,5,0
1.999668,5,0
2.004031,5,0
2.008623,5,0
2.013071,5,0
2.017468,5,0
2.021863,5,0
2.026414,5,0
2.03085,5,0
2.035241,5,0
2.039597,5,0
2.044255,5,0
2.048791,5,0
2.054114,5,0
2.059917,5,0
2.064447,6,0
2.069071,6,0
2.073549,6,0
2.078036,6,0
2.082359,6,0
2.087393,6,0
2.095921,6,0
2.104233,6,0
2.112632,6,0
2.116993,6,0
2.121663,6,0
2.126364,6,0
2.131592,6,0
2.137165,6,0
2.14151,6,0
2.146106,6,0
2.150758,6,0
2.155169,6,0
2.159564,6,0
2.16392,6,0
2.16854,6,0
2.173149,6,0
2.177503,6,0
2.181915,6,0
2.186421,6,0
2.190764,6,0
2.195375,6,0
2.199757,6,0
2.204182,6,0
2.208755,6,0
2.213126,6,0
2.217588,6,0
2.221975,6,0
2.226437,6,0
2.230907,6,0
2.23525,6,0
2.239638,6,0
2.244056,6,0
2.248768,6,0
2.253111,6,0
2.257551,6,0
2.26194,6,0
2.266483,6,0
2.270868,6,0
2.275182,6,0
2.27958,6,0
2.283957,6,0
2.288429,6,0
2.293036,6,0
2.297426,6,0
2.302667,6,0
2.30855,6,0
2.312979,6,0
2.317323,6,0
2.321731,7,0
2.326595,7,0
2.330976,7,0
2.33537,7,0
2.339773,7,0
2.344146,7,0
2.34943,7,0
2.357651,7,0
2.365456,7,0
2.370879,7,0
2.376777,7,0
2.381328,7,0
2.385895,7,0
2.390457,7,0
2.394978,7,0
2.399805,7,0
2.408085,7,0
2.416072,7,0
2.420462,7,0
2.425073,7,0
2.429509,7,0
2.433861,7,0
2.438425,7,0
2.442837,7,0
2.447942,7,0
2.452359,7,0
2.456713,7,0
2.461323,7,0
2.465883,7,0
2.470251,7,0
2.474699,7,0
2.479103,7,0
2.483455,7,0
2.488013,7,0
2.492383,7,0
2.496779,7,0
2.501194,7,0
2.505821,7,0
2.51022,7,0
2.518702,7,0
2.523257,7,0
2.527868,7,0
2.532241,7,0
2.536708,7,0
2.54117,7,0
2.545681,7,0
2.550281,7,0
2.554665,7,0
2.559011,7,0
2.563452,7,0
2.568031,7,0
2.572403,7,0
2.576811,7,0
2.581147,7,0
2.585745,7,0
2.590205,7,0
2.594557,7,0
2.599081,7,0
2.603443,7,0
2.607962,7,0
2.612428,7,0
2.616821,7,0
2.621189,7,0
2.625776,7,0
2.630301,7,0
2.634898,7,0
2.639305,7,0
2.643677,7,0
2.648293,7,0
2.652732,7,0
2.65725,7,0
2.661713,7,0
2.666283,7,0
2.670609,7,0
2.675131,7,0
2.6797,7,0
2.684039,7,0
2.688569,7,0
2.692979,7,0
2.697411,7,0
2.702189,7,0
2.706763,7,0
2.711125,7,0
2.715497,7,0
2.719881,7,0
2.724336,7,0
2.728878,7,0
2.733237,7,0
2.738073,7,0
2.74253,7,0
2.747239,7,0
2.751673,7,0
2.7561,7,0
2.760478,7,0
2.765034,7,0
2.769618,7,0
2.773998,7,0
2.778447,7,0
2.782815,7,0
2.787364,7,0
2.792006,7,0
2.796305,7,0
2.800741,7,0
2.805303,7,0
2.809663,7,0
2.814281,7,0
2.818629,7,0
2.822973,7,0
2.827578,7,0
2.832058,7,0
2.836576,7,0
2.841024,7,0
2.845545,7,0
2.849884,7,0
2.85451,7,0
2.859099,7,0
2.863518,7,0
2.867931,7,0
2.872255,7,0
2.876725,7,0
2.881109,7,0
2.885464,7,0
2.889839,7,0
2.894195,7,0
2.898619,7,0
2.902985,7,0
2.907342,7,0
2.91178,7,0
2.916151,7,0
2.920533,7,0
2.92498,7,0
2.929359,7,0
2.933721,7,0
2.938098,7,0
2.942457,7,0
2.94688,7,0
2.951267,7,0
2.955609,7,0
2.960062,7,0
2.964488,7,0
2.968868,7,0
2.973307,7,0
2.977644,7,0
2.982243,7,0
2.986702,7,0
2.991098,7,0
2.995541,7,0
2.999926,7,0
3.004703,7,0
3.009179,7,0
3.013591,7,0
3.017934,7,0
3.022342,7,0
3.026995,7,0
3.031404,7,0
3.035794,7,0
3.040158,7,0
3.044521,7,0
3.049088,7,0
3.053467,7,0
3.057912,7,0
3.062343,7,0
3.066706,7,0
3.071313,7,0
3.075738,7,0
3.080082,7,0
3.084442,7,0
3.088892,7,0
3.09348,7,0
3.09788,7,0
3.102213,7,0
3.106621,7,0
3.111,7,0
3.115485,7,0
3.119931,7,0
3.124381,7,0
3.128783,7,0
3.133173,7,0
3.137774,7,0
3.142226,7,0
3.146683,7,0
3.151207,7,0
3.155919,7,0
3.160323,7,0
3.164704,7,0
3.169072,7,0
3.173476,7,0
3.177823,7,0
3.182186,7,0
3.186635,7,0
3.190968,7,0
3.195359,7,0
3.199755,7,0
3.204081,7,0
3.208543,7,0
3.212871,7,0
3.217479,7,0
3.221839,7,0
3.226182,7,0
3.230687,7,0
3.235054,7,0
3.239573,7,0
3.243989,7,0
3.24838,7,0
3.252778,7,0
3.257202,7,0
3.261794,7,0
3.266217,7,0
3.270573,7,0
3.274946,7,0
3.279396,7,0
3.283931,7,0
3.288304,7,0
3.292746,7,0
3.297107,7,0
3.301419,7,0
3.306325,7,0
3.310692,7,0
3.315029,7,0
3.319473,7,0
3.32381,7,0
3.32843,7,0
3.332823,7,0
3.337174,7,0
3.341592,7,0
3.345983,7,0
3.350344,7,0
3.354689,7,0
3.359061,7,0
3.363505,7,0
3.367911,7,0
3.372264,7,0
3.376653,7,0
3.381012,7,0
3.385383,7,0
3.389763,7,0
3.394119,7,0
3.398496,7,0
3.406868,7,0
3.411585,7,0
3.416158,7,0
3.420494,7,0
3.424942,7,0
3.429453,7,0
3.433849,7,0
3.438301,7,0
3.442758,7,0
3.447156,7,0
3.45159,7,0
3.456387,7,0
3.46083,7,0
3.46523,7,0
3.469562,7,0
3.473998,7,0
3.478613,7,0
3.482955,7,0
3.487341,7,0
3.491719,7,0
3.496121,7,0
3.500665,7,0
3.505125,7,0
3.50955,7,0
3.513952,7,0
3.518373,7,0
3.523076,7,0
3.52754,7,0
3.531924,7,0
3.536327,7,0
3.540777,7,0
3.545352,7,0
3.549771,7,0
3.554147,7,0
3.558536,7,0
3.562964,7,0
3.567394,7,0
3.57177,7,0
3.576173,7,0
3.5805,7,0
3.584932,7,0
3.589335,7,0
3.593713,7,0
3.598125,7,0
3.602429,7,0
3.607065,7,0
3.611684,7,0
3.6161,7,0
3.620514,7,0
3.624969,7,0
3.6294,7,0
3.63379,7,0
3.638158,7,0
3.642631,7,0
3.647448,7,0
3.6519,7,0
3.656271,7,0
3.660743,7,0
3.665177,7,0
3.669729,7,0
3.674169,7,0
3.678552,7,0
3.682896,7,0
3.687303,7,0
3.69191,7,0
3.696366,7,0
3.700678,7,0
3.705066,7,0
3.709554,7,0
3.714056,7,0
3.718448,7,0
3.722856,7,0
3.727242,7,0
3.731639,7,0
3.736289,7,0
3.740679,7,0
3.745116,7,0
3.749494,7,0
3.753883,7,0
3.758543,7,0
3.762929,7,0
3.767393,7,0
3.771829,7,0
3.776216,7,0
3.780601,7,0
3.786292,7,0
3.790831,7,0
3.795421,7,0
3.799868,7,0
3.80423,7,0
3.808621,7,0
3.813052,7,0
3.817579,7,0
3.821915,7,0
3.826341,7,0
3.830704,7,0
3.835079,7,0
3.839689,7,0
3.844042,7,0
3.848428,7,0
3.852846,7,0
3.857202,7,0
3.861878,7,0
3.866261,7,0
3.870607,7,0
3.875078,7,0
3.879433,7,0
3.883801,7,0
3.888141,7,0
3.892488,7,0
3.896912,7,0
3.901268,7,0
3.905681,7,0
3.910328,7,0
3.914666,7,0
3.919125,7,0
3.923552,7,0
3.927921,7,0
3.932309,7,0
3.936852,7,0
3.941593,7,0
3.946146,7,0
3.950535,7,0
3.95484,7,0
3.959269,7,0
3.963654,7,0
3.9681,7,0
3.972516,7,0
3.976851,7,0
3.981295,7,0
3.986022,7,0
3.990346,7,0
3.994758,7,0
3.999156,7,0
4.003478,7,0
4.007951,7,0
4.012328,7,0
4.016672,7,0
4.021022,7,0
4.0254,7,0
4.029902,7,0
4.034351,7,0
4.038682,7,0
4.043104,7,0
4.047514,7,0
4.051904,7,0
4.056291,7,0
4.060864,7,0
4.065281,7,0
4.069637,7,0
4.07401,7,0
4.078466,7,0
4.082801,7,0
4.08714,7,0
4.091627,7,0
4.096066,7,0
4.100445,7,0
4.104826,7,0
4.109174,7,0
4.113528,7,0
4.11793,7,0
4.122235,7,0
4.126684,7,0
4.131077,7,0
4.135399,7,0
4.139989,7,0
4.144346,7,0
4.148707,7,0
4.153216,7,0
4.157674,7,0
4.16234,7,0
4.166721,7,0
4.17104,7,0
4.175458,7,0
4.179794,7,0
4.184341,7,0
4.188744,7,0
4.193077,7,0
4.197531,7,0
4.201982,7,0
4.206929,7,0
4.211552,7,0
4.216286,7,0
4.22101,7,0
4.225426,7,0
4.23041,7,0
4.234831,7,0
4.239567,7,0
4.244289,7,0
4.248823,7,0
4.253512,7,0
4.258002,7,0
4.263281,7,0
4.268012,7,0
4.272455,7,0
4.277546,7,0
4.282023,7,0
4.286802,7,0
4.291271,7,0
4.296045,7,0
4.304816,7,0
4.30968,7,0
4.314484,7,0
4.318929,7,0
4.323312,7,0
4.327954,7,0
4.332292,7,0
4.336614,7,0
4.341092,7,0
4.345481,7,0
4.350109,7,0
4.354504,7,0
4.358844,7,0
4.363458,7,0
4.367834,7,0
4.372198,7,0
4.376624,7,0
4.380977,7,0
4.385361,7,0
4.389753,7,0
4.394154,7,0
4.398521,7,0
4.402829,7,0
4.40718,7,0
4.411584,7,0
4.416018,7,0
4.420353,7,0
4.424783,7,0
4.429153,7,0
4.433466,7,0
4.437827,7,0
4.442216,7,0
4.446693,7,0
4.451283,7,0
4.455642,7,0
4.460126,7,0
4.464572,7,0
4.468901,7,0
4.473472,7,0
4.477847,7,0
4.48225,7,0
4.486611,7,0
4.490998,7,0
4.495588,7,0
4.49994,7,0
4.50427,7,0
4.508743,7,0
4.513083,7,0
4.517852,7,0
4.522288,7,0
4.52676,7,0
4.531076,7,0
4.535484,7,0
4.540086,7,0
4.544474,7,0
4.549267,7,0
4.553762,7,0
4.558486,7,0
4.563207,7,0
4.567966,7,0
4.572685,7,0
4.577177,7,0
4.581589,7,0
4.586144,7,0
4.590946,7,0
4.595424,7,0
4.600139,7,0
4.604943,7,0
4.609882,7,0
4.614276,7,0
4.619094,7,0
4.623552,7,0
4.628302,7,0
4.633061,7,0
4.637831,7,0
4.642553,7,0
4.647097,7,0
4.651826,7,0
4.656429,7,0
4.661246,7,0
4.666098,7,0
4.67065,7,0
4.67542,7,0
4.680322,7,0
4.68471,7,0
4.689489,7,0
4.693886,7,0
4.69856,7,0
4.703205,7,0
4.708018,7,0
4.71282,7,0
4.717282,7,0
4.721994,7,0
4.726669,7,0
4.731531,7,0
4.736283,7,0
4.740685,7,0
4.745497,7,0
4.750676,7,0
4.755091,7,0
4.76155,7,0
4.76835,7,0
4.775186,7,0
4.779615,7,0
4.785403,7,0
4.791203,7,0
4.795528,7,0
4.801243,7,0
4.80729,7,0
4.811675,7,0
4.817439,7,0
4.823391,7,0
4.829165,7,0
4.833555,7,0
4.839293,7,0
4.844974,7,0
4.849419,7,0
4.855269,7,0
4.860987,7,0
4.865945,7,0
4.871666,7,0
4.87741,7,0
4.883155,7,0
4.887528,7,0
4.893343,7,0
4.899041,7,0
4.903422,7,0
4.909221,7,0
4.91492,7,0
4.919286,7,0
4.925074,7,0
4.930841,7,0
4.935274,7,0
4.941034,7,0
4.946824,7,0
4.951238,7,0
4.957204,7,0
4.96301,7,0
4.968791,7,0
4.973408,7,0
4.979285,7,0
4.984899,7,0
4.98925,7,0
4.995042,7,0
5.000821,7,0
5.005214,7,0
5.011036,7,0
5.016801,7,0
5.021218,7,0
5.027108,7,0
5.032815,7,0
5.038914,7,0
5.043433,7,0
5.049201,7,0
5.055,7,0
5.059385,7,0
5.065363,7,0
5.071138,7,0
5.075552,7,0
5.081314,7,0
5.087104,7,0
5.091727,7,0
5.097482,7,0
5.103191,7,0
5.108931,7,0
5.113317,7,0
5.119696,7,0
5.125728,7,0
5.130159,7,0
5.140015,7,0
5.14447,7,0
5.148942,7,0
5.153374,7,0
5.157755,7,0
5.162107,7,0
5.166537,7,0
5.171009,7,0
5.175404,7,0
5.179918,7,0
5.184284,7,0
5.188688,7,0
5.193078,7,0
5.197472,7,0
5.20185,7,0
5.206236,7,0
5.21066,7,0
5.215111,7,0
5.219482,7,0
5.223906,7,0
5.228294,7,0
5.232598,7,0
5.236998,7,0
5.242878,7,0
5.247269,7,0
5.253026,7,0
5.258868,7,0
5.264801,7,0
5.269247,7,0
5.275011,7,0
5.280998,7,0
5.285476,7,0
5.291412,7,0
5.297276,7,0
5.30169,7,0
5.307534,7,0
5.313281,7,0
5.317663,7,0
5.323387,7,0
5.329253,7,0
5.334976,7,0
5.339396,7,0
5.34514,7,0
5.350832,7,0
5.355228,7,0
5.361091,7,0
5.36684,7,0
5.371249,7,0
5.377281,7,0
5.383481,7,0
5.388,7,0
5.393804,7,0
5.399536,7,0
5.405463,7,0
5.40992,7,0
5.415694,7,0
5.421431,7,0
5.425879,7,0
5.431849,7,0
5.436307,7,0
5.440745,7,0
5.44514,7,0
5.449681,7,0
5.453991,7,0
5.458451,7,0
5.462776,7,0
5.467114,7,0
5.472246,7,0
5.476578,7,0
5.480984,7,0
5.485614,7,0
5.489985,7,0
5.494592,7,0
5.498947,7,0
5.503297,7,0
5.507722,7,0
5.512094,7,0
5.516647,7,0
5.521005,7,0
5.525362,7,0
5.529648,7,0
5.533941,7,0
5.538446,7,0
5.542893,7,0
5.547275,7,0
5.551579,7,0
5.55596,7,0
5.560424,7,0
5.564777,7,0
5.569207,7,0
5.573562,7,0
5.577955,7,0
5.58252,7,0
5.586827,7,0
5.591279,7,0
5.595663,7,0
5.599991,7,0
5.604602,7,0
5.608982,7,0
5.613348,7,0
5.617751,7,0
5.622053,7,0
5.626772,7,0
5.631159,7,0
5.635601,7,0
5.64134,7,0
5.647132,7,0
5.651474,7,0
5.657296,7,0
5.663048,7,0
5.66748,7,0
5.67328,7,0
5.679088,7,0
5.683421,7,0
5.689301,7,0
5.695099,7,0
5.700873,7,0
5.705256,7,0
5.711029,7,0
5.715372,7,0
5.721173,7,0
5.726914,7,0
5.731304,7,0
5.735975,7,0
5.741766,7,0
5.746357,7,0
5.752109,7,0
5.756516,7,0
5.760858,7,0
5.765333,7,0
5.769848,7,0
5.774146,7,0
5.778544,7,0
5.782873,7,0
5.787216,7,0
5.791789,7,0
5.796079,7,0
5.800499,7,0
5.804914,7,0
5.80925,7,0
5.813827,7,0
5.818171,7,0
5.822448,7,0
5.826813,7,0
5.831196,7,0
5.835718,7,0
5.8401,7,0
5.844413,7,0
5.848812,7,0
5.85318,7,0
5.857511,7,0
5.861906,7,0
5.866263,7,0
5.870595,7,0
5.875002,7,0
5.8793,7,0
5.883683,7,0
5.88823,7,0
5.89271,7,0
5.897126,7,0
5.901452,7,0
5.905784,7,0
5.910222,7,0
5.914544,7,0
5.918876,7,0
5.923236,7,0
5.927616,7,0
5.931992,7,0
5.936539,7,0
5.940908,7,0
5.945313,7,0
5.949636,7,0
5.953959,7,0
5.958695,7,0
5.967267,7,0
5.971713,7,0
5.976077,7,0
5.980504,7,0
5.985047,7,0
5.989416,7,0
5.993807,7,0
5.998122,7,0
6.002505,7,0
6.007195,7,0
6.011528,7,0
6.015831,7,0
6.020278,7,0
6.024621,7,0
6.029027,7,0
6.033397,7,0
6.037704,7,0
6.042307,7,0
6.046683,7,0
6.051311,7,0
6.055791,7,0
6.060116,7,0
6.064444,7,0
6.068758,7,0
6.07306,7,0
6.07744,7,0
6.081772,7,0
6.086098,7,0
6.09044,7,0
6.094803,7,0
6.100592,7,0
6.104974,7,0
6.109331,7,0
6.113832,7,0
6.118196,7,0
6.122517,7,0
6.126904,7,0
6.131214,7,0
6.135493,7,0
6.139889,7,0
6.144315,7,0
6.148659,7,0
6.153026,7,0
6.157424,7,0
6.161801,7,0
6.16619,7,0
6.170498,7,0
6.175147,7,0
6.179479,7,0
6.183701,7,0
6.188217,7,0
6.192959,7,0
6.197484,7,0
6.20188,7,0
6.206281,7,0
6.210658,7,0
6.215008,7,0
6.219477,7,0
6.223835,7,0
6.22819,7,0
6.232533,7,0
6.236908,7,0
6.241456,7,0
6.245808,7,0
6.250153,7,0
6.254541,7,0
6.258904,7,0
6.263451,7,0
6.267734,7,0
6.272083,7,0
6.276464,7,0
6.280755,7,0
6.28532,7,0
6.289679,7,0
6.293993,7,0
6.298426,7,0
6.302735,7,0
6.307311,7,0
6.311694,7,0
6.316041,7,0
6.320457,7,0
6.324837,7,0
6.329355,7,0
6.333734,7,0
6.338095,7,0
6.342454,7,0
6.347075,7,0
6.351609,7,0
6.355938,7,0
6.360353,7,0
6.364768,7,0
6.369108,7,0
6.373651,7,0
6.378021,7,0
6.382419,7,0
6.38677,7,0
6.391135,7,0
6.395726,7,0
6.400022,7,0
6.404395,7,0
6.408837,7,0
6.413115,7,0
6.417662,7,0
6.422016,7,0
6.426394,7,0
6.430769,7,0
6.435041,7,0
6.439414,7,0
6.443932,7,0
6.44826,7,0
6.452634,7,0
6.457019,7,0
6.461311,7,0
6.465683,7,0
6.470004,7,0
6.474474,7,0
6.478878,7,0
6.483189,7,0
6.487585,7,0
6.491955,7,0
6.496453,7,0
6.501024,7,0
6.505436,7,0
6.509794,7,0
6.51417,7,0
6.518688,7,0
6.52303,7,0
6.52742,7,0
6.531731,7,0
6.5361,7,0
6.540637,7,0
6.544952,7,0
6.549343,7,0
6.553702,7,0
6.558031,7,0
6.562644,7,0
6.566943,7,0
6.571288,7,0
6.575686,7,0
6.579984,7,0
6.584371,7,0
6.588758,7,0
6.593058,7,0
6.59742,7,0
6.601753,7,0
6.606304,7,0
6.610677,7,0
6.615009,7,0
6.619339,7,0
6.623628,7,0
6.628328,7,0
6.632775,7,0
6.637177,7,0
6.641495,7,0
6.645893,7,0
6.650459,7,0
6.655,7,0
6.659441,7,0
6.663775,7,0
6.668134,7,0
6.672689,7,0
6.676987,7,0
6.681369,7,0
6.685696,7,0
6.690627,7,0
6.695319,7,0
6.699662,7,0
6.703974,7,0
6.708403,7,0
6.712719,7,0
6.717218,7,0
6.721645,7,0
6.726003,7,0
6.730421,7,0
6.734809,7,0
6.739185,7,0
6.743555,7,0
6.747931,7,0
6.752266,7,0
6.756663,7,0
6.761004,7,0
6.765388,7,0
6.769758,7,0
6.77429,7,0
6.778668,7,0
6.783081,7,0
6.787474,7,0
6.791863,7,0
6.796337,7,0
6.800765,7,0
6.805371,7,0
6.80968,7,0
6.814192,7,0
6.818785,7,0
6.82309,7,0
6.827575,7,0
6.831918,7,0
6.836231,7,0
6.844812,7,0
6.849211,7,0
6.853563,7,0
6.858019,7,0
6.862586,7,0
6.866985,7,0
6.871327,7,0
6.875784,7,0
6.880117,7,0
6.884439,7,0
6.889027,7,0
6.893473,7,0
6.897832,7,0
6.902157,7,0
6.906531,7,0
6.911171,7,0
6.915534,7,0
6.919836,7,0
6.924324,7,0
6.928669,7,0
6.93297,7,0
6.937388,7,0
6.941754,7,0
6.94613,7,0
6.9505,7,0
6.95484,7,0
6.959503,7,0
6.963883,7,0
6.968266,7,0
6.972658,7,0
6.977017,7,0
6.981385,7,0
6.985719,7,0
6.990038,7,0
6.994485,7,0
6.998828,7,0
7.00317,7,0
7.007558,7,0
7.012083,7,0
7.016426,7,0
7.020778,7,0
7.025191,7,0
7.029568,7,0
7.034091,7,0
7.03842,7,0
7.042874,7,0
7.047298,7,0
7.051628,7,0
7.056205,7,0
7.060945,7,0
7.065755,7,0
7.070849,7,0
7.075666,7,0
7.080246,7,0
7.084681,7,0
7.089065,7,0
7.093412,7,0
7.097774,7,0
7.102274,7,0
7.106655,7,0
7.111285,7,0
7.115658,7,0
7.119975,7,0
7.124704,7,0
7.129082,7,0
7.133413,7,0
7.137814,7,0
7.142108,7,0
7.146511,7,0
7.150873,7,0
7.15531,7,0
7.159801,7,0
7.164141,7,0
7.168499,7,0
7.172938,7,0
7.177292,7,0
7.181684,7,0
7.186058,7,0
7.190429,7,0
7.194813,7,0
7.199137,7,0
7.203901,7,0
7.208407,7,0
7.212722,7,0
7.217092,7,0
7.221465,7,0
7.225986,7,0
7.230387,7,0
7.234731,7,0
7.239046,7,0
7.24343,7,0
7.247938,7,0
7.252296,7,0
7.256691,7,0
7.260985,7,0
7.265574,7,0
7.270121,7,0
7.274475,7,0
7.278911,7,0
7.283261,7,0
7.287576,7,0
7.291996,7,0
7.296878,7,0
7.301197,7,0
7.305583,7,0
7.309941,7,0
7.3144,7,0
7.318781,7,0
7.323102,7,0
7.327601,7,0
7.331964,7,0
7.336331,7,0
7.340735,7,0
7.345139,7,0
7.349641,7,0
7.354005,7,0
7.358377,7,0
7.362755,7,0
7.36714,7,0
7.371669,7,0
7.376093,7,0
7.380471,7,0
7.384792,7,0
7.389239,7,0
7.393786,7,0
7.398167,7,0
7.40264,7,0
7.40701,7,0
7.412812,7,0
7.417636,7,0
7.422042,7,0
7.426534,7,0
7.43227,7,0
7.436678,7,0
7.442502,7,0
7.448359,7,0
7.452784,7,0
7.457264,7,0
7.463037,7,0
7.46745,7,0
7.471869,7,0
7.476262,7,0
7.480626,7,0
7.484962,7,0
7.489415,7,0
7.495186,7,0
7.499618,7,0
7.50398,7,0
7.508417,7,0
7.512764,7,0
7.517117,7,0
7.521501,7,0
7.525965,7,0
7.530298,7,0
7.536087,7,0
7.541833,7,0
7.546226,7,0
7.55062,7,0
7.555006,7,0
7.560884,7,0
7.565318,7,0
7.569985,7,0
7.574436,7,0
7.578783,7,0
7.583107,7,0
7.587512,7,0
7.591858,7,0
7.596369,7,0
7.600672,7,0
7.605067,7,0
7.609521,7,0
7.613852,7,0
7.619604,7,0
7.624066,7,0
7.62843,7,0
7.632816,7,0
7.637215,7,0
7.64157,7,0
7.645955,7,0
7.650324,7,0
7.654712,7,0
7.659115,7,0
7.663452,7,0
7.667836,7,0
7.6722,7,0
7.676578,7,0
7.680923,7,0
7.685281,7,0
7.689655,7,0
7.694015,7,0
7.698371,7,0
7.702744,7,0
7.711154,7,0
7.715836,7,0
7.7205,7,0
7.724864,7,0
7.729347,7,0
7.73428,7,0
7.738673,7,0
7.743114,7,0
7.747541,7,0
7.751871,7,0
7.756409,7,0
7.760763,7,0
7.765197,7,0
7.769571,7,0
7.773858,7,0
7.778449,7,0
7.782805,7,0
7.787184,7,0
7.791619,7,0
7.795941,7,0
7.800439,7,0
7.804834,7,0
7.809206,7,0
7.8136,7,0
7.817938,7,0
7.82229,7,0
7.826747,7,0
7.831091,7,0
7.835446,7,0
7.839824,7,0
7.844335,7,0
7.848737,7,0
7.853165,7,0
7.857534,7,0
7.861918,7,0
7.866272,7,0
7.87079,7,0
7.875216,7,0
7.879583,7,0
7.883883,7,0
7.888309,7,0
7.892606,7,0
7.897011,7,0
7.901588,7,0
7.905914,7,0
7.910296,7,0
7.914656,7,0
7.919023,7,0
7.923371,7,0
7.927721,7,0
7.932044,7,0
7.936387,7,0
7.940772,7,0
7.945417,7,0
7.949761,7,0
7.954089,7,0
7.95849,7,0
7.962882,7,0
7.967406,7,0
7.971747,7,0
7.976092,7,0
7.980501,7,0
7.98486,7,0
7.989279,7,0
7.993682,7,0
7.998009,7,0
8.002345,7,0
8.006784,7,0
8.011293,7,0
8.015657,7,0
8.020036,7,0
8.024577,7,0
8.029011,7,0
8.033337,7,0
8.037611,7,0
8.041972,7,0
8.046333,7,0
8.050679,7,0
8.05504,7,0
8.059429,7,0
8.063796,7,0
8.068393,7,0
8.072767,7,0
8.077171,7,0
8.081479,7,0
8.085825,7,0
8.090372,7,0
8.094709,7,0
8.099055,7,0
8.1034,7,0
8.107722,7,0
8.112323,7,0
8.116727,7,0
8.121003,7,0
8.125395,7,0
8.130137,7,0
8.1348,7,0
8.139261,7,0
8.14358,7,0
8.148027,7,0
8.152432,7,0
8.156737,7,0
8.161111,7,0
8.165519,7,0
8.169788,7,0
8.174165,7,0
8.178757,7,0
8.183131,7,0
8.187502,7,0
8.191814,7,0
8.196144,7,0
8.200437,7,0
8.204787,7,0
8.209194,7,0
8.213684,7,0
8.21799,7,0
8.222415,7,0
8.226915,7,0
8.231291,7,0
8.235811,7,0
8.240139,7,0
8.244526,7,0
8.248906,7,0
8.253218,7,0
8.257873,7,0
8.262231,7,0
8.266564,7,0
8.271012,7,0
8.27539,7,0
8.279941,7,0
8.284306,7,0
8.288666,7,0
8.293074,7,0
8.297431,7,0
8.301908,7,0
8.306297,7,0
8.310665,7,0
8.315057,7,0
8.319438,7,0
8.323924,7,0
8.328256,7,0
8.332858,7,0
8.337197,7,0
8.341535,7,0
8.346041,7,0
8.350423,7,0
8.354788,7,0
8.359195,7,0
8.363596,7,0
8.368236,7,0
8.372539,7,0
8.37695,7,0
8.381343,7,0
8.385675,7,0
8.391592,7,0
8.397354,7,0
8.401811,7,0
8.407579,7,0
8.41331,7,0
8.41787,7,0
8.423701,7,0
8.429454,7,0
8.433779,7,0
8.43948,7,0
8.445466,7,0
8.449897,7,0
8.455686,7,0
8.461451,7,0
8.46591,7,0
8.471712,7,0
8.477553,7,0
8.483506,7,0
8.487932,7,0
8.493746,7,0
8.499462,7,0
8.503787,7,0
8.509627,7,0
8.515559,7,0
8.519952,7,0
8.525737,7,0
8.531522,7,0
8.537328,7,0
8.541932,7,0
8.54767,7,0
8.553415,7,0
8.56333,7,0
8.569245,7,0
8.573842,7,0
8.579621,7,0
8.585417,7,0
8.589841,7,0
8.595592,7,0
8.601302,7,0
8.605681,7,0
8.611484,7,0
8.617312,7,0
8.623013,7,0
8.6275,7,0
8.633582,7,0
8.639354,7,0
8.643773,7,0
8.649567,7,0
8.655506,7,0
8.660059,7,0
8.665862,7,0
8.671586,7,0
8.675991,7,0
8.681737,7,0
8.687514,7,0
8.693275,7,0
8.697632,7,0
8.703422,7,0
8.709226,7,0
8.713602,7,0
8.719364,7,0
8.725379,7,0
8.729833,7,0
8.734179,7,0
8.738653,7,0
8.743217,7,0
8.747612,7,0
8.751971,7,0
8.756394,7,0
8.7607,7,0
8.765083,7,0
8.769461,7,0
8.773746,7,0
8.778146,7,0
8.782478,7,0
8.787025,7,0
8.791642,7,0
8.796046,7,0
8.800386,7,0
8.804815,7,0
8.809197,7,0
8.813809,7,0
8.819579,7,0
8.82394,7,0
8.8297,7,0
8.835459,7,0
8.841367,7,0
8.845814,7,0
8.851575,7,0
8.857317,7,0
8.861734,7,0
8.867727,7,0
8.872129,7,0
8.876513,7,0
8.882319,7,0
8.886708,7,0
8.892639,7,0
8.897067,7,0
8.901474,7,0
8.90729,7,0
8.911674,7,0
8.91617,7,0
8.921872,7,0
8.926292,7,0
8.930783,7,0
8.935131,7,0
8.939692,7,0
8.945486,7,0
8.949871,7,0
8.954194,7,0
8.958911,7,0
8.963273,7,0
8.967605,7,0
8.972028,7,0
8.977802,7,0
8.982181,7,0
8.98663,7,0
8.99242,7,0
8.996842,7,0
9.001497,7,0
9.005913,7,0
9.010169,7,0
9.01455,7,0
9.018927,7,0
9.023427,7,0
9.027829,7,0
9.032193,7,0
9.036523,7,0
9.040903,7,0
9.045491,7,0
9.049876,7,0
9.054246,7,0
9.058565,7,0
9.063017,7,0
9.067474,7,0
9.071826,7,0
9.076224,7,0
9.080554,7,0
9.084899,7,0
9.089282,7,0
9.093966,7,0
9.098395,7,0
9.102755,7,0
9.107094,7,0
9.111572,7,0
9.115907,7,0
9.120201,7,0
9.124687,7,0
9.128994,7,0
9.133324,7,0
9.137792,7,0
9.142159,7,0
9.146785,7,0
9.151153,7,0
9.157025,7,0
9.161432,7,0
9.165798,7,0
9.171262,7,0
9.180673,7,0
9.185174,7,0
9.189527,7,0
9.19398,7,0
9.198515,7,0
9.204281,7,0
9.210039,7,0
9.215858,7,0
9.220219,7,0
9.224836,7,0
9.2293,7,0
9.233752,7,0
9.238101,7,0
9.242532,7,0
9.248681,7,0
9.253066,7,0
9.258867,7,0
9.264662,7,0
9.269115,7,0
9.27494,7,0
9.280685,7,0
9.286462,7,0
9.290933,7,0
9.296719,7,0
9.302349,7,0
9.306777,7,0
9.312601,7,0
9.318364,7,0
9.322805,7,0
9.327324,7,0
9.333097,7,0
9.33746,7,0
9.341866,7,0
9.346318,7,0
9.352211,7,0
9.356656,7,0
9.361043,7,0
9.366917,7,0
9.37506,7,0
9.381339,7,0
9.386245,7,0
9.391577,7,0
9.396877,7,0
9.403566,7,0
9.408457,7,0
9.412991,7,0
9.417562,7,0
9.421914,7,0
9.426312,7,0
9.430733,7,0
9.435072,7,0
9.439436,7,0
9.443941,7,0
9.448337,7,0
9.452651,7,0
9.457183,7,0
9.461567,7,0
9.466032,7,0
9.470455,7,0
9.474812,7,0
9.479229,7,0
9.483586,7,0
9.487992,7,0
9.492535,7,0
9.498355,7,0
9.50268,7,0
9.507141,7,0
9.511527,7,0
9.515903,7,0
9.521683,7,0
9.527483,7,0
9.531883,7,0
9.537604,7,0
9.5434,7,0
9.547798,7,0
9.55378,7,0
9.559579,7,0
9.564182,7,0
9.570034,7,0
9.575846,7,0
9.580216,7,0
9.584652,7,0
9.589229,7,0
9.593573,7,0
9.59803,7,0
9.602473,7,0
9.606853,7,0
9.611419,7,0
9.615799,7,0
9.620122,7,0
9.624554,7,0
9.628901,7,0
9.633394,7,0
9.639206,7,0
9.643693,7,0
9.648185,7,0
9.652567,7,0
9.657132,7,0
9.665043,7,0
9.669662,7,0
9.675465,7,0
9.679908,7,0
9.685682,7,0
9.69146,7,0
9.695883,7,0
9.701509,7,0
9.706177,7,0
9.710522,7,0
9.716134,7,0
9.721148,7,0
9.725557,7,0
9.729991,7,0
9.734371,7,0
9.739973,7,0
9.744393,7,0
9.74889,7,0
9.753311,7,0
9.757729,7,0
9.762148,7,0
9.766511,7,0
9.771069,7,0
9.775432,7,0
9.779829,7,0
9.784286,7,0
9.78865,7,0
9.793228,7,0
9.797627,7,0
9.801955,7,0
9.806393,7,0
9.810808,7,0
9.815359,7,0
9.819705,7,0
9.824073,7,0
9.828553,7,0
9.832909,7,0
9.837406,7,0
9.842358,7,0
9.846836,7,0
9.8512,7,0
9.855557,7,0
9.860215,7,0
9.864592,7,0
9.868922,7,0
9.873338,7,0
9.877698,7,0
9.882047,7,0
9.886389,7,0
9.890738,7,0
9.895125,7,0
9.899419,7,0
9.903744,7,0
9.908203,7,0
9.912479,7,0
9.917037,7,0
9.921423,7,0
9.925722,7,0
9.930094,7,0
9.934425,7,0
9.93898,7,0
9.943366,7,0
9.947685,7,0
9.952115,7,0
9.956571,7,0
9.961063,7,0
9.965466,7,0
9.969863,7,0
9.974165,7,0
9.979752,7,0
9.984418,7,0
9.98998,7,0
9.995755,7,0
10.00014,7,0
10.00575,7,0
10.01148,7,0
10.01713,7,0
10.02154,7,0
10.0274,7,0
10.03174,7,0
10.03604,7,0
10.04161,7,0
10.04605,7,0
10.05042,7,0
10.05477,7,0
10.05909,7,0
10.06365,7,0
10.06806,7,0
10.0724,7,0
10.07701,7,0
10.08132,7,0
10.08561,7,0
10.08993,7,0
10.09426,7,0
10.09855,7,0
10.10287,7,0
10.1072,7,0
10.11174,7,0
10.11609,7,0
10.12038,7,0
10.12496,7,0
10.12925,7,0
10.13355,7,0
10.13792,7,0
10.14219,7,0
10.1466,7,0
10.15097,7,0
10.15528,7,0
10.15988,7,0
10.16437,7,0
10.16873,7,0
10.17308,7,0
10.17736,7,0
10.18171,7,0
10.18607,7,0
10.19036,7,0
10.19471,7,0
10.19903,7,0
10.2033,7,0
10.20788,7,0
10.21222,7,0
10.21651,7,0
10.22105,7,0
10.22949,7,0
10.23383,7,0
10.23812,7,0
10.24248,7,0
10.24679,7,0
10.25233,7,0
10.25683,7,0
10.26143,7,0
10.26696,7,0
10.27137,7,0
10.27703,7,0
10.28136,7,0
10.28564,7,0
10.29117,7,0
10.29552,7,0
10.30101,7,0
10.30539,7,0
10.3097,7,0
10.31439,7,0
10.31923,7,0
10.32358,7,0
10.32793,7,0
10.33221,7,0
10.33671,7,0
10.34127,7,0
10.34569,7,0
10.34994,7,0
10.35428,7,0
10.35856,7,0
10.36285,7,0
10.36717,7,0
10.37143,7,0
10.37579,7,0
10.38005,7,0
10.38434,7,0
10.3887,7,0
10.39296,7,0
10.39747,7,0
10.40183,7,0
10.40613,7,0
10.41076,7,0
10.41507,7,0
10.41935,7,0
10.42371,7,0
10.42806,7,0
10.43239,7,0
10.43671,7,0
10.441,7,0
10.44536,7,0
10.44969,7,0
10.45397,7,0
10.45855,7,0
10.46295,7,0
10.46746,7,0
10.47175,7,0
10.47611,7,0
10.48041,7,0
10.48472,7,0
10.48899,7,0
10.49333,7,0
10.49766,7,0
10.50316,7,0
10.50776,7,0
10.51207,7,0
10.51761,7,0
10.52198,7,0
10.52756,7,0
10.53189,7,0
10.53616,7,0
10.54174,7,0
10.54613,7,0
10.55038,7,0
10.55469,7,0
10.55914,7,0
10.5646,7,0
10.56898,7,0
10.5734,7,0
10.57771,7,0
10.58202,7,0
10.58632,7,0
10.59069,7,0
10.59497,7,0
10.59924,7,0
10.60355,7,0
10.60811,7,0
10.61243,7,0
10.61669,7,0
10.62116,7,0
10.62556,7,0
10.62985,7,0
10.63412,7,0
10.63855,7,0
10.6428,7,0
10.64709,7,0
10.65141,7,0
10.65587,7,0
10.66023,7,0
10.66453,7,0
10.66881,7,0
10.67311,7,0
10.67741,7,0
10.68165,7,0
10.68601,7,0
10.69024,7,0
10.69452,7,0
10.69884,7,0
10.70325,7,0
10.70759,7,0
10.71182,7,0
10.71611,7,0
10.72042,7,0
10.72463,7,0
10.72898,7,0
10.73322,7,0
10.73748,7,0
10.74183,7,0
10.74609,7,0
10.75053,7,0
10.75476,7,0
10.76046,7,0
10.76496,7,0
10.76931,7,0
10.77506,7,0
10.77941,7,0
10.78367,7,0
10.78924,7,0
10.79365,7,0
10.79919,7,0
10.80375,7,0
10.80807,7,0
10.81368,7,0
10.81807,7,0
10.82235,7,0
10.8267,7,0
10.83097,7,0
10.83524,7,0
10.83957,7,0
10.84501,7,0
10.84932,7,0
10.85387,7,0
10.85819,7,0
10.86243,7,0
10.86672,7,0
10.87094,7,0
10.87526,7,0
10.87955,7,0
10.88382,7,0
10.8881,7,0
10.8923,7,0
10.89661,7,0
10.90093,7,0
10.90513,7,0
10.90942,7,0
10.91383,7,0
10.91807,7,0
10.92238,7,0
10.92742,7,0
10.93169,7,0
10.93597,7,0
10.94022,7,0
10.9446,7,0
10.94884,7,0
10.95304,7,0
10.95739,7,0
10.96168,7,0
10.96598,7,0
10.97017,7,0
10.97455,7,0
10.97886,7,0
10.9831,7,0
10.98741,7,0
10.99172,7,0
10.99593,7,0
11.00021,7,0
11.00449,7,0
11.00873,7,0
11.01301,7,0
11.01725,7,0
11.02149,7,0
11.02577,7,0
11.03003,7,0
11.03444,7,0
11.03871,7,0
11.04294,7,0
11.04725,7,0
11.05275,7,0
11.05705,7,0
11.06135,7,0
11.07089,7,0
11.07536,7,0
11.07984,7,0
11.08531,7,0
11.08964,7,0
11.09508,7,0
11.09942,7,0
11.10401,7,0
11.10956,7,0
11.11381,7,0
11.11836,7,0
11.12272,7,0
11.12697,7,0
11.13124,7,0
11.13549,7,0
11.13974,7,0
11.14404,7,0
11.14895,7,0
11.15349,7,0
11.15787,7,0
11.16211,7,0
11.16666,7,0
11.17085,7,0
11.17509,7,0
11.17948,7,0
11.18375,7,0
11.18808,7,0
11.19233,7,0
11.19658,7,0
11.20085,7,0
11.20511,7,0
11.20945,7,0
11.21372,7,0
11.21793,7,0
11.22217,7,0
11.22669,7,0
11.23115,7,0
11.23542,7,0
11.23966,7,0
11.24392,7,0
11.24818,7,0
11.25239,7,0
11.25669,7,0
11.26099,7,0
11.26526,7,0
11.26957,7,0
11.27392,7,0
11.27835,7,0
11.28262,7,0
11.28833,7,0
11.29269,7,0
11.29702,7,0
11.30128,7,0
11.30688,7,0
11.31244,7,0
11.31676,7,0
11.3211,7,0
11.32658,7,0
11.33088,7,0
11.33635,7,0
11.3419,7,0
11.34636,7,0
11.35059,7,0
11.35505,7,0
11.36061,7,0
11.36494,7,0
11.36923,7,0
11.37479,7,0
11.37909,7,0
11.38355,7,0
11.38791,7,0
11.39216,7,0
11.39644,7,0
11.40076,7,0
11.40503,7,0
11.40937,7,0
11.41365,7,0
11.41792,7,0
11.42218,7,0
11.42645,7,0
11.43081,7,0
11.43507,7,0
11.43932,7,0
11.44366,7,0
11.44795,7,0
11.45245,7,0
11.45679,7,0
11.46104,7,0
11.46538,7,0
11.46963,7,0
11.47385,7,0
11.47822,7,0
11.48246,7,0
11.48671,7,0
11.49101,7,0
11.49527,7,0
11.49975,7,0
11.50397,7,0
11.5083,7,0
11.51257,7,0
11.51688,7,0
11.52114,7,0
11.52539,7,0
11.52962,7,0
11.53407,7,0
11.53837,7,0
11.54263,7,0
11.5471,7,0
11.55132,7,0
11.55562,7,0
11.5599,7,0
11.56415,7,0
11.56859,7,0
11.57286,7,0
11.5771,7,0
11.58167,7,0
11.58596,7,0
11.59028,7,0
11.5948,7,0
11.59904,7,0
11.60331,7,0
11.60886,7,0
11.61317,7,0
11.61892,7,0
11.62562,7,0
11.63128,7,0
11.63556,7,0
11.64224,7,0
11.64903,7,0
11.65596,7,0
11.66036,7,0
11.66466,7,0
11.67017,7,0
11.6745,7,0
11.67884,7,0
11.68309,7,0
11.68885,7,0
11.69328,7,0
11.69753,7,0
11.70179,7,0
11.7063,7,0
11.71054,7,0
11.71483,7,0
11.7191,7,0
11.72342,7,0
11.72779,7,0
11.73202,7,0
11.73634,7,0
11.74062,7,0
11.74493,7,0
11.74922,7,0
11.75366,7,0
11.75802,7,0
11.76231,7,0
11.76658,7,0
11.77089,7,0
11.7752,7,0
11.77952,7,0
11.7839,7,0
11.7883,7,0
11.7926,7,0
11.79692,7,0
11.8014,7,0
11.80573,7,0
11.81005,7,0
11.81431,7,0
11.8186,7,0
11.82292,7,0
11.82726,7,0
11.83162,7,0
11.83583,7,0
11.84032,7,0
11.84464,7,0
11.84918,7,0
11.85351,7,0
11.8578,7,0
11.86212,7,0
11.86648,7,0
11.87072,7,0
11.87514,7,0
11.87953,7,0
11.88398,7,0
11.88834,7,0
11.89257,7,0
11.90127,7,0
11.90688,7,0
11.91132,7,0
11.91568,7,0
11.92114,7,0
11.92788,7,0
11.93362,7,0
11.93799,7,0
11.94474,7,0
11.95031,7,0
11.95471,7,0
11.96047,7,0
11.96482,7,0
11.96911,7,0
11.97342,7,0
11.9778,7,0
11.98328,7,0
11.98767,7,0
11.99225,7,0
11.9967,7,0
12.00103,7,0
12.0054,7,0
12.00984,7,0
12.01424,7,0
12.01856,7,0
12.02286,7,0
12.02722,7,0
12.03147,7,0
12.03572,7,0
12.04008,7,0
12.04459,7,0
12.04891,7,0
12.05321,7,0
12.05764,7,0
12.06194,7,0
12.06629,7,0
12.07056,7,0
12.07498,7,0
12.0793,7,0
12.08368,7,0
12.08935,7,0
12.09367,7,0
12.09942,7,0
12.10508,7,0
12.10976,7,0
12.11543,7,0
12.12108,7,0
12.12547,7,0
12.13126,7,0
12.13687,7,0
12.14115,7,0
12.14712,7,0
12.15275,7,0
12.15712,7,0
12.16281,7,0
12.16863,7,0
12.17301,7,0
12.17879,7,0
12.1831,7,0
12.18747,7,0
12.1932,7,0
12.19754,7,0
12.20191,7,0
12.20773,7,0
12.21202,7,0
12.21775,7,0
12.22229,7,0
12.22666,7,0
12.23237,7,0
12.23672,7,0
12.24114,7,0
12.24684,7,0
12.25113,7,0
12.25551,7,0
12.25988,7,0
12.26428,7,0
12.26862,7,0
12.27311,7,0
12.27746,7,0
12.28174,7,0
12.28621,7,0
12.29062,7,0
12.29491,7,0
12.29941,7,0
12.30379,7,0
12.3083,7,0
12.31264,7,0
12.31698,7,0
12.32125,7,0
12.3256,7,0
12.32988,7,0
12.33418,7,0
12.33848,7,0
12.34272,7,0
12.34709,7,0
12.35148,7,0
12.35578,7,0
12.36011,7,0
12.36443,7,0
12.36889,7,0
12.37326,7,0
12.37891,7,0
12.38323,7,0
12.38764,7,0
12.39339,7,0
12.39772,7,0
12.40444,7,0
12.41149,7,0
12.41716,7,0
12.4215,7,0
12.42844,7,0
12.4352,7,0
12.44097,7,0
12.44537,7,0
12.44996,7,0
12.45551,7,0
12.45988,7,0
12.46425,7,0
12.46872,7,0
12.47427,7,0
12.47868,7,0
12.48302,7,0
12.48743,7,0
12.49201,7,0
12.49632,7,0
12.50066,7,0
12.50504,7,0
12.50937,7,0
12.51397,7,0
12.51832,7,0
12.52263,7,0
12.52702,7,0
12.53139,7,0
12.53588,7,0
12.54024,7,0
12.54461,7,0
12.54898,7,0
12.55333,7,0
12.55762,7,0
12.56203,7,0
12.56637,7,0
12.57071,7,0
12.57513,7,0
12.57942,7,0
12.58373,7,0
12.5882,7,0
12.59251,7,0
12.59694,7,0
12.60151,7,0
12.60583,7,0
12.61025,7,0
12.61457,7,0
12.61893,7,0
12.62336,7,0
12.62775,7,0
12.6321,7,0
12.63668,7,0
12.64103,7,0
12.64541,7,0
12.64975,7,0
12.65415,7,0
12.65876,7,0
12.66309,7,0
12.66746,7,0
12.67196,7,0
12.67634,7,0
12.68095,7,0
12.68532,7,0
12.68955,7,0
12.69394,7,0
12.6983,7,0
12.70286,7,0
12.70735,7,0
12.71596,7,0
12.72042,7,0
12.72481,7,0
12.72926,7,0
12.73364,7,0
12.73792,7,0
12.74232,7,0
12.7472,7,0
12.75182,7,0
12.7562,7,0
12.76052,7,0
12.76489,7,0
12.76925,7,0
12.77361,7,0
12.778,7,0
12.78237,7,0
12.78671,7,0
12.7911,7,0
12.79556,7,0
12.79997,7,0
12.80435,7,0
12.80888,7,0
12.81325,7,0
12.81764,7,0
12.82194,7,0
12.82642,7,0
12.83099,7,0
12.83527,7,0
12.83967,7,0
12.84399,7,0
12.84835,7,0
12.85292,7,0
12.85745,7,0
12.86184,7,0
12.86619,7,0
12.87049,7,0
12.87518,7,0
12.87956,7,0
12.88388,7,0
12.88831,7,0
12.894,7,0
12.89855,7,0
12.90315,7,0
12.90904,7,0
12.91477,7,0
12.91913,7,0
12.92507,7,0
12.93086,7,0
12.93527,7,0
12.94101,7,0
12.94547,7,0
12.95127,7,0
12.95699,7,0
12.96133,7,0
12.96714,7,0
12.9729,7,0
12.97859,7,0
12.98293,7,0
12.98728,7,0
12.99193,7,0
12.99632,7,0
13.00065,7,0
13.00502,7,0
13.00933,7,0
13.01369,7,0
13.018,7,0
13.02228,7,0
13.02674,7,0
13.03105,7,0
13.03537,7,0
13.0399,7,0
13.04451,7,0
13.04897,7,0
13.0535,7,0
13.05786,7,0
13.06233,7,0
13.06666,7,0
13.071,7,0
13.07537,7,0
13.07969,7,0
13.08408,7,0
13.08848,7,0
13.09281,7,0
13.09722,7,0
13.10179,7,0
13.10615,7,0
13.11051,7,0
13.11487,7,0
13.11921,7,0
13.12376,7,0
13.12815,7,0
13.13249,7,0
13.13684,7,0
13.14116,7,0
13.14575,7,0
13.15027,7,0
13.15459,7,0
13.15908,7,0
13.16486,7,0
13.16946,7,0
13.17525,7,0
13.18106,7,0
13.1855,7,0
13.19129,7,0
13.19705,7,0
13.20278,7,0
13.20746,7,0
13.21322,7,0
13.21895,7,0
13.22365,7,0
13.22946,7,0
13.23513,7,0
13.23955,7,0
13.24533,7,0
13.25392,7,0
13.26216,7,0
13.2702,7,0
13.27821,7,0
13.28318,7,0
13.29122,7,0
13.29569,7,0
13.30019,7,0
13.30484,7,0
13.30956,7,0
13.31399,7,0
13.3184,7,0
13.32288,7,0
13.32737,7,0
13.33193,7,0
13.33643,7,0
13.34082,7,0
13.34542,7,0
13.35024,7,0
13.35485,7,0
13.35962,7,0
13.36458,7,0
13.36907,7,0
13.37359,7,0
13.37829,7,0
13.38287,7,0
13.38735,7,0
13.39214,7,0
13.3966,7,0
13.40134,7,0
13.40589,7,0
13.41034,7,0
13.41485,7,0
13.41925,7,0
13.42377,7,0
13.42828,7,0
13.43263,7,0
13.43708,7,0
13.44161,7,0
13.44615,7,0
13.45056,7,0
13.45508,7,0
13.4596,7,0
13.46407,7,0
13.46846,7,0
13.47289,7,0
13.47739,7,0
13.48179,7,0
13.48632,7,0
13.49083,7,0
13.49517,7,0
13.49968,7,0
13.50411,7,0
13.50859,7,0
13.51325,7,0
13.51794,7,0
13.52238,7,0
13.52686,7,0
13.53131,7,0
13.53573,7,0
13.54028,7,0
13.54462,7,0
13.54932,7,0
13.55387,7,0
13.55846,7,0
13.56305,7,0
13.56767,7,0
13.57227,7,0
13.58089,7,0
13.58544,7,0
13.5899,7,0
13.59441,7,0
13.59882,7,0
13.6034,7,0
13.60784,7,0
13.61226,7,0
13.6167,7,0
13.6211,7,0
13.62568,7,0
13.6302,7,0
13.63457,7,0
13.63904,7,0
13.64368,7,0
13.64824,7,0
13.65264,7,0
13.65725,7,0
13.66177,7,0
13.66669,7,0
13.67122,7,0
13.67561,7,0
13.6801,7,0
13.68449,7,0
13.68917,7,0
13.69372,7,0
13.69814,7,0
13.70266,7,0
13.70713,7,0
13.7118,7,0
13.71628,7,0
13.72067,7,0
13.72511,7,0
13.7296,7,0
13.7343,7,0
13.7387,7,0
13.74327,7,0
13.74779,7,0
13.75216,7,0
13.75683,7,0
13.76134,7,0
13.76581,7,0
13.77028,7,0
13.77478,7,0
13.77952,7,0
13.78397,7,0
13.78849,7,0
13.79287,7,0
13.79739,7,0
13.80201,7,0
13.80646,7,0
13.81113,7,0
13.81558,7,0
13.82031,7,0
13.82483,7,0
13.82931,7,0
13.83377,7,0
13.83828,7,0
13.8427,7,0
13.8472,7,0
13.85182,7,0
13.85628,7,0
13.86078,7,0
13.86526,7,0
13.86963,7,0
13.87417,7,0
13.87852,7,0
13.88298,7,0
13.88752,7,0
13.89201,7,0
13.89651,7,0
13.90097,7,0
13.90544,7,0
13.90989,7,0
13.91436,7,0
13.91877,7,0
13.92324,7,0
13.92798,7,0
13.93239,7,0
13.93688,7,0
13.94132,7,0
13.94587,7,0
13.9505,7,0
13.95492,7,0
13.95936,7,0
13.96385,7,0
13.96836,7,0
13.97311,7,0
13.97776,7,0
13.98221,7,0
13.98669,7,0
13.99116,7,0
13.99589,7,0
14.00036,7,0
14.0048,7,0
14.0093,7,0
14.01382,7,0
14.01843,7,0
14.02284,7,0
14.02729,7,0
14.03181,7,0
14.03628,7,0
14.0408,7,0
14.04527,7,0
14.04961,7,0
14.05414,7,0
14.0585,7,0
14.06319,7,0
14.06771,7,0
14.07209,7,0
14.07651,7,0
14.08084,7,0
14.08518,7,0
14.08952,7,0
14.09384,7,0
14.09821,7,0
14.10259,7,0
14.10715,7,0
14.11143,7,0
14.11573,7,0
14.12001,7,0
14.12476,7,0
14.12934,7,0
14.13368,7,0
14.13805,7,0
14.14243,7,0
14.14677,7,0
14.15132,7,0
14.15583,7,0
14.16048,7,0
14.16497,7,0
14.16936,7,0
14.17385,7,0
14.17832,7,0
14.18259,7,0
14.18698,7,0
14.19143,7,0
14.19579,7,0
14.20012,7,0
14.20444,7,0
14.20886,7,0
14.2132,7,0
14.21746,7,0
14.22178,7,0
14.22614,7,0
14.23047,7,0
14.2348,7,0
14.23913,7,0
14.24345,7,0
14.24777,7,0
14.25228,7,0
14.25668,7,0
14.26104,7,0
14.26536,7,0
14.26975,7,0
14.27427,7,0
14.27879,7,0
14.28312,7,0
14.28745,7,0
14.29181,7,0
14.29633,7,0
14.3007,7,0
14.30506,7,0
14.30938,7,0
14.31373,7,0
14.3184,7,0
14.32271,7,0
14.32702,7,0
14.33169,7,0
14.33611,7,0
14.34068,7,0
14.34512,7,0
14.35301,7,0
14.35873,7,0
14.36426,7,0
14.36981,7,0
14.37456,7,0
14.37912,7,0
14.38348,7,0
14.38784,7,0
14.39242,7,0
14.39705,7,0
14.40164,7,0
14.4062,7,0
14.41123,7,0
14.41616,7,0
14.42051,7,0
14.42496,7,0
14.42968,7,0
14.43405,7,0
14.4386,7,0
14.4431,7,0
14.44744,7,0
14.45191,7,0
14.4564,7,0
14.46103,7,0
14.46541,7,0
14.47383,7,0
14.47836,7,0
14.48265,7,0
14.48715,7,0
14.49156,7,0
14.49588,7,0
14.50019,7,0
14.50453,7,0
14.50875,7,0
14.51306,7,0
14.51738,7,0
14.52166,7,0
14.52604,7,0
14.53048,7,0
14.53476,7,0
14.53904,7,0
14.54333,7,0
14.54766,7,0
14.5522,7,0
14.55653,7,0
14.56097,7,0
14.5653,7,0
14.56974,7,0
14.57432,7,0
14.57866,7,0
14.58393,7,0
14.58838,7,0
14.5927,7,0
14.59721,7,0
14.60162,7,0
14.60602,7,0
14.61046,7,0
14.61491,7,0
14.61939,7,0
14.6239,7,0
14.62828,7,0
14.63269,7,0
14.6371,7,0
14.64167,7,0
14.64616,7,0
14.65053,7,0
14.65494,7,0
14.65947,7,0
14.66414,7,0
14.66851,7,0
14.67289,7,0
14.67741,7,0
14.68171,7,0
14.68636,7,0
14.69081,7,0
14.69515,7,0
14.69953,7,0
14.70388,7,0
14.7084,7,0
14.71274,7,0
14.71709,7,0
14.72153,7,0
14.72597,7,0
14.7303,7,0
14.73479,7,0
14.73933,7,0
14.74408,7,0
14.74879,7,0
14.7538,7,0
14.75866,7,0
14.76355,7,0
14.76826,7,0
14.7726,7,0
14.77699,7,0
14.78126,7,0
14.78565,7,0
14.79025,7,0
14.79453,7,0
14.79889,7,0
14.80323,7,0
14.80754,7,0
14.81211,7,0
14.81651,7,0
14.8209,7,0
14.82531,7,0
14.82977,7,0
14.83434,7,0
14.83873,7,0
14.84304,7,0
14.84739,7,0
14.85171,7,0
14.85615,7,0
14.86046,7,0
14.86492,7,0
14.8692,7,0
14.87353,7,0
14.87793,7,0
14.88225,7,0
14.88682,7,0
14.89108,7,0
14.89562,7,0
14.90004,7,0
14.90436,7,0
14.90875,7,0
14.91305,7,0
14.91738,7,0
14.92171,7,0
14.92604,7,0
14.93045,7,0
14.93472,7,0
14.939,7,0
14.94339,7,0
14.94767,7,0
14.95191,7,0
14.95643,7,0
14.96066,7,0
14.965,7,0
14.9693,7,0
14.9736,7,0
14.97816,7,0
14.98254,7,0
14.98686,7,0
14.99119,7,0
14.99553,7,0
15.00003,7,0
15.00449,7,0
15.00883,7,0
15.0133,7,0
15.01763,7,0
15.02223,7,0
15.02668,7,0
15.03105,7,0
15.03544,7,0
15.04009,7,0
15.04469,7,0
15.04925,7,0
15.05369,7,0
15.05809,7,0
15.06255,7,0
15.06727,7,0
15.07156,7,0
15.07609,7,0
15.08044,7,0
15.08477,7,0
15.08912,7,0
15.0934,7,0
15.09797,7,0
15.10269,7,0
15.10719,7,0
15.11163,7,0
15.11597,7,0
15.12026,7,0
15.12465,7,0
15.12904,7,0
15.13331,7,0
15.13761,7,0
15.14198,7,0
15.14649,7,0
15.15077,7,0
15.1551,7,0
15.15957,7,0
15.1639,7,0
15.16835,7,0
15.17284,7,0
15.1772,7,0
15.18146,7,0
15.18583,7,0
15.1905,7,0
15.19483,7,0
15.19929,7,0
15.20366,7,0
15.2081,7,0
15.21239,7,0
15.21668,7,0
15.22113,7,0
15.22543,7,0
15.22974,7,0
15.23413,7,0
15.2386,7,0
15.24311,7,0
15.24747,7,0
15.25197,7,0
15.25668,7,0
15.26213,7,0
15.26679,7,0
15.27143,7,0
15.27619,7,0
15.28091,7,0
15.28555,7,0
15.29268,7,0
15.29801,7,0
15.30275,7,0
15.30783,7,0
15.31242,7,0
15.31687,7,0
15.32143,7,0
15.32594,7,0
15.33037,7,0
15.33463,7,0
15.33897,7,0
15.34369,7,0
15.34798,7,0
15.35664,7,0
15.36108,7,0
15.36549,7,0
15.36997,7,0
15.37433,7,0
15.37866,7,0
15.38295,7,0
15.38748,7,0
15.39208,7,0
15.39666,7,0
15.40107,7,0
15.40542,7,0
15.40981,7,0
15.4143,7,0
15.41856,7,0
15.42289,7,0
15.42724,7,0
15.43157,7,0
15.43606,7,0
15.44042,7,0
15.44478,7,0
15.44913,7,0
15.45342,7,0
15.45775,7,0
15.46211,7,0
15.46652,7,0
15.47094,7,0
15.47539,7,0
15.48001,7,0
15.48447,7,0
15.48886,7,0
15.49327,7,0
15.49792,7,0
15.50239,7,0
15.50678,7,0
15.5114,7,0
15.51587,7,0
15.52037,7,0
15.52503,7,0
15.52947,7,0
15.53409,7,0
15.5385,7,0
15.54298,7,0
15.54744,7,0
15.55188,7,0
15.55627,7,0
15.56074,7,0
15.56521,7,0
15.56957,7,0
15.57408,7,0
15.57844,7,0
15.58288,7,0
15.5873,7,0
15.59171,7,0
15.59614,7,0
15.60041,7,0
15.60494,7,0
15.60997,7,0
15.61454,7,0
15.61887,7,0
15.62323,7,0
15.62775,7,0
15.63207,7,0
15.63661,7,0
15.64093,7,0
15.64535,7,0
15.65007,7,0
15.65434,7,0
15.65864,7,0
15.66293,7,0
15.66734,7,0
15.67205,7,0
15.6764,7,0
15.68074,7,0
15.68532,7,0
15.68979,7,0
15.69443,7,0
15.69891,7,0
15.70323,7,0
15.70771,7,0
15.71215,7,0
15.7167,7,0
15.72118,7,0
15.72555,7,0
15.73002,7,0
15.73446,7,0
15.73908,7,0
15.74359,7,0
15.748,7,0
15.75233,7,0
15.7567,7,0
15.76113,7,0
15.7655,7,0
15.76999,7,0
15.77435,7,0
15.77873,7,0
15.7832,7,0
15.78761,7,0
15.79197,7,0
15.79665,7,0
15.80126,7,0
15.80571,7,0
15.8102,7,0
15.81458,7,0
15.81913,7,0
15.82359,7,0
15.82795,7,0
15.83241,7,0
15.83676,7,0
15.84128,7,0
15.84583,7,0
15.85019,7,0
15.85467,7,0
15.85922,7,0
15.86374,7,0
15.86815,7,0
15.87254,7,0
15.87698,7,0
15.88135,7,0
15.88577,7,0
15.89017,7,0
15.8946,7,0
15.89903,7,0
15.90342,7,0
15.90804,7,0
15.91234,7,0
15.91672,7,0
15.92111,7,0
15.92539,7,0
15.92979,7,0
15.93414,7,0
15.93845,7,0
15.94282,7,0
15.94713,7,0
15.95166,7,0
15.95602,7,0
15.96029,7,0
15.96473,7,0
15.96908,7,0
15.9735,7,0
15.97809,7,0
15.98265,7,0
15.98703,7,0
15.99139,7,0
15.99569,7,0
16.00012,7,0
16.00447,7,0
16.00885,7,0
16.01322,7,0
16.01763,7,0
16.02193,7,0
16.02629,7,0
16.03084,7,0
16.03529,7,0
16.03962,7,0
16.04387,7,0
16.04849,7,0
16.05312,7,0
16.05742,7,0
16.06191,7,0
16.06636,7,0
16.07065,7,0
16.07507,7,0
16.07943,7,0
16.08371,7,0
16.08805,7,0
16.09229,7,0
16.09686,7,0
16.10118,7,0
16.10568,7,0
16.11002,7,0
16.11438,7,0
16.11886,7,0
16.12327,7,0
16.12788,7,0
16.13232,7,0
16.13672,7,0
16.14116,7,0
16.14557,7,0
16.15,7,0
16.15431,7,0
16.15878,7,0
16.16331,7,0
16.1676,7,0
16.17198,7,0
16.17629,7,0
16.1806,7,0
16.18517,7,0
16.18946,7,0
16.19388,7,0
16.19828,7,0
16.20259,7,0
16.20704,7,0
16.21135,7,0
16.21563,7,0
16.22,7,0
16.22828,7,0
16.23302,7,0
16.23739,7,0
16.24179,7,0
16.24611,7,0
16.25045,7,0
16.25499,7,0
16.25976,7,0
16.26414,7,0
16.2685,7,0
16.27282,7,0
16.27736,7,0
16.28174,7,0
16.28638,7,0
16.29111,7,0
16.29573,7,0
16.30066,7,0
16.30512,7,0
16.30951,7,0
16.31407,7,0
16.31852,7,0
16.32306,7,0
16.32739,7,0
16.33193,7,0
16.33646,7,0
16.34091,7,0
16.34574,7,0
16.3501,7,0
16.35442,7,0
16.35876,7,0
16.36303,7,0
16.3676,7,0
16.37189,7,0
16.37617,7,0
16.38051,7,0
16.38481,7,0
16.38937,7,0
16.39379,7,0
16.39807,7,0
16.40234,7,0
16.40734,7,0
16.41204,7,0
16.41637,7,0
16.42072,7,0
16.42498,7,0
16.42942,7,0
16.43394,7,0
16.43822,7,0
16.44259,7,0
16.44694,7,0
16.45136,7,0
16.45597,7,0
16.46041,7,0
16.46482,7,0
16.46915,7,0
16.47342,7,0
16.478,7,0
16.48241,7,0
16.48673,7,0
16.4911,7,0
16.49541,7,0
16.4999,7,0
16.50423,7,0
16.50848,7,0
16.51288,7,0
16.51716,7,0
16.52163,7,0
16.52616,7,0
16.53043,7,0
16.5347,7,0
16.53918,7,0
16.54371,7,0
16.54821,7,0
16.55254,7,0
16.55684,7,0
16.56124,7,0
16.56577,7,0
16.57011,7,0
16.57449,7,0
16.5788,7,0
16.58311,7,0
16.58747,7,0
16.5918,7,0
16.5963,7,0
16.60062,7,0
16.60498,7,0
16.60948,7,0
16.61382,7,0
16.61822,7,0
16.62257,7,0
16.62694,7,0
16.63132,7,0
16.6356,7,0
16.63992,7,0
16.64427,7,0
16.64854,7,0
16.65284,7,0
16.65721,7,0
16.66148,7,0
16.66594,7,0
16.67033,7,0
16.67459,7,0
16.67934,7,0
16.68389,7,0
16.68842,7,0
16.69288,7,0
16.69716,7,0
16.70157,7,0
16.70597,7,0
16.71057,7,0
16.71502,7,0
16.71985,7,0
16.72421,7,0
16.72861,7,0
16.73311,7,0
16.73742,7,0
16.74178,7,0
16.74611,7,0
16.75052,7,0
16.75507,7,0
16.75941,7,0
16.76377,7,0
16.7681,7,0
16.77236,7,0
16.77675,7,0
16.78107,7,0
16.78535,7,0
16.78984,7,0
16.79419,7,0
16.79874,7,0
16.80307,7,0
16.80732,7,0
16.81183,7,0
16.81616,7,0
16.82062,7,0
16.82503,7,0
16.82936,7,0
16.83362,7,0
16.83791,7,0
16.84243,7,0
16.84681,7,0
16.85114,7,0
16.85553,7,0
16.86,7,0
16.86452,7,0
16.86883,7,0
16.87336,7,0
16.87761,7,0
16.88192,7,0
16.88642,7,0
16.8907,7,0
16.89507,7,0
16.89935,7,0
16.90367,7,0
16.90828,7,0
16.91255,7,0
16.91681,7,0
16.92112,7,0
16.9254,7,0
16.92972,7,0
16.93405,7,0
16.93835,7,0
16.94268,7,0
16.94697,7,0
16.95126,7,0
16.95566,7,0
16.95995,7,0
16.96431,7,0
16.96866,7,0
16.97292,7,0
16.97729,7,0
16.98155,7,0
16.98589,7,0
16.99023,7,0
16.99448,7,0
16.99887,7,0
17.00314,7,0
17.00744,7,0
17.0123,7,0
17.01656,7,0
17.02085,7,0
17.02547,7,0
17.02978,7,0
17.03407,7,0
17.03848,7,0
17.04282,7,0
17.04715,7,0
17.05149,7,0
17.05585,7,0
17.06032,7,0
17.06469,7,0
17.06909,7,0
17.07377,7,0
17.07819,7,0
17.08256,7,0
17.08702,7,0
17.09143,7,0
17.1002,7,0
17.1046,7,0
17.1091,7,0
17.1134,7,0
17.11788,7,0
17.12259,7,0
17.12692,7,0
17.13143,7,0
17.13596,7,0
17.14023,7,0
17.1448,7,0
17.14913,7,0
17.15347,7,0
17.15783,7,0
17.16209,7,0
17.16693,7,0
17.17136,7,0
17.17587,7,0
17.18054,7,0
17.18501,7,0
17.18949,7,0
17.19395,7,0
17.19842,7,0
17.20265,7,0
17.20697,7,0
17.21171,7,0
17.21606,7,0
17.22047,7,0
17.22481,7,0
17.22913,7,0
17.23363,7,0
17.23788,7,0
17.24242,7,0
17.24697,7,0
17.2513,7,0
17.25564,7,0
17.26005,7,0
17.26442,7,0
17.26871,7,0
17.27298,7,0
17.27729,7,0
17.2815,7,0
17.28584,7,0
17.29018,7,0
17.29449,7,0
17.29878,7,0
17.30311,7,0
17.30747,7,0
17.31181,7,0
17.31612,7,0
17.32036,7,0
17.32474,7,0
17.32927,7,0
17.33356,7,0
17.33791,7,0
17.34218,7,0
17.34656,7,0
17.35086,7,0
17.35557,7,0
17.35994,7,0
17.36421,7,0
17.36859,7,0
17.37304,7,0
17.37749,7,0
17.38179,7,0
17.38616,7,0
17.39043,7,0
17.39482,7,0
17.39927,7,0
17.40352,7,0
17.40789,7,0
17.41215,7,0
17.41649,7,0
17.42092,7,0
17.42518,7,0
17.42953,7,0
17.43386,7,0
17.43818,7,0
17.44257,7,0
17.4469,7,0
17.4512,7,0
17.45549,7,0
17.45979,7,0
17.46421,7,0
17.46852,7,0
17.47279,7,0
17.47715,7,0
17.48195,7,0
17.48709,7,0
17.49226,7,0
17.49746,7,0
17.50187,7,0
17.50624,7,0
17.51132,7,0
17.51577,7,0
17.52019,7,0
17.52464,7,0
17.52925,7,0
17.53398,7,0
17.53833,7,0
17.54293,7,0
17.54748,7,0
17.55181,7,0
17.55636,7,0
17.5611,7,0
17.56586,7,0
17.57038,7,0
17.57488,7,0
17.57939,7,0
17.58366,7,0
17.58801,7,0
17.59239,7,0
17.59677,7,0
17.60109,7,0
17.60537,7,0
17.60969,7,0
17.61403,7,0
17.61835,7,0
17.62346,7,0
17.62825,7,0
17.63301,7,0
17.63863,7,0
17.64382,7,0
17.64919,7,0
17.65525,7,0
17.66013,7,0
17.6654,7,0
17.67134,7,0
17.67616,7,0
17.68181,7,0
17.68639,7,0
17.69112,7,0
17.69646,7,0
17.70132,7,0
17.70632,7,0
17.71107,7,0
17.71607,7,0
17.72076,7,0
17.72535,7,0
17.72983,7,0
17.73425,7,0
17.73879,7,0
17.74343,7,0
17.74894,7,0
17.75331,7,0
17.75766,7,0
17.76228,7,0
17.76662,7,0
17.77102,7,0
17.7762,7,0
17.78127,7,0
17.78632,7,0
17.79134,7,0
17.796,7,0
17.80103,7,0
17.80646,7,0
17.81175,7,0
17.81649,7,0
17.82175,7,0
17.82669,7,0
17.83108,7,0
17.83535,7,0
17.83971,7,0
17.84406,7,0
17.84834,7,0
17.8528,7,0
17.85754,7,0
17.86185,7,0
17.86623,7,0
17.87068,7,0
17.87504,7,0
17.87939,7,0
17.88369,7,0
17.88807,7,0
17.89237,7,0
17.89664,7,0
17.90123,7,0
17.90555,7,0
17.90987,7,0
17.91418,7,0
17.91899,7,0
17.92354,7,0
17.92791,7,0
17.9323,7,0
17.93688,7,0
17.94117,7,0
17.94567,7,0
17.94996,7,0
17.95429,7,0
17.95866,7,0
17.96336,7,0
17.96792,7,0
17.97235,7,0
17.9769,7,0
17.9815,7,0
17.98592,7,0
17.99509,7,0
17.9997,7,0
18.00447,7,0
18.00903,7,0
18.01351,7,0
18.0182,7,0
18.02261,7,0
18.02712,7,0
18.03144,7,0
18.03571,7,0
18.04165,7,0
18.04687,7,0
18.05175,7,0
18.0563,7,0
18.06157,7,0
18.06648,7,0
18.07126,7,0
18.07627,7,0
18.08142,7,0
18.08703,7,0
18.09269,7,0
18.09751,7,0
18.1025,7,0
18.10756,7,0
18.11214,7,0
18.11698,7,0
18.12149,7,0
18.12584,7,0
18.13031,7,0
18.13468,7,0
18.13916,7,0
18.14348,7,0
18.14832,7,0
18.15264,7,0
18.15703,7,0
18.16156,7,0
18.16625,7,0
18.17094,7,0
18.17539,7,0
18.18027,7,0
18.18477,7,0
18.18905,7,0
18.19378,7,0
18.19823,7,0
18.2025,7,0
18.20701,7,0
18.21141,7,0
18.21586,7,0
18.22045,7,0
18.22553,7,0
18.22999,7,0
18.23435,7,0
18.23898,7,0
18.24364,7,0
18.24805,7,0
18.25239,7,0
18.2568,7,0
18.26128,7,0
18.26582,7,0
18.27076,7,0
18.27555,7,0
18.28003,7,0
18.28726,7,0
18.29399,7,0
18.30006,7,0
18.30626,7,0
18.3111,7,0
18.31705,7,0
18.32264,7,0
18.32707,7,0
18.33162,7,0
18.33601,7,0
18.34036,7,0
18.34488,7,0
18.34938,7,0
18.35382,7,0
18.35825,7,0
18.3627,7,0
18.36716,7,0
18.37156,7,0
18.37597,7,0
18.38047,7,0
18.38484,7,0
18.38942,7,0
18.39392,7,0
18.3982,7,0
18.40268,7,0
18.40708,7,0
18.41142,7,0
18.41579,7,0
18.42007,7,0
18.42453,7,0
18.42892,7,0
18.4332,7,0
18.43745,7,0
18.44191,7,0
18.44637,7,0
18.45065,7,0
18.45501,7,0
18.45926,7,0
18.46358,7,0
18.46811,7,0
18.47248,7,0
18.47686,7,0
18.48115,7,0
18.48549,7,0
18.48997,7,0
18.4943,7,0
18.49872,7,0
18.50303,7,0
18.5073,7,0
18.51182,7,0
18.5163,7,0
18.52065,7,0
18.52502,7,0
18.52943,7,0
18.53406,7,0
18.53839,7,0
18.54308,7,0
18.54927,7,0
18.55434,7,0
18.5601,7,0
18.56509,7,0
18.57095,7,0
18.57573,7,0
18.58096,7,0
18.58597,7,0
18.59078,7,0
18.59562,7,0
18.60059,7,0
18.60521,7,0
18.6097,7,0
18.61403,7,0
18.61834,7,0
18.62325,7,0
18.62784,7,0
18.6322,7,0
18.63687,7,0
18.6413,7,0
18.64581,7,0
18.65013,7,0
18.65462,7,0
18.65894,7,0
18.6632,7,0
18.6677,7,0
18.67199,7,0
18.67631,7,0
18.68063,7,0
18.68518,7,0
18.68966,7,0
18.69423,7,0
18.69929,7,0
18.70454,7,0
18.70897,7,0
18.71334,7,0
18.71766,7,0
18.72197,7,0
18.72635,7,0
18.73091,7,0
18.73531,7,0
18.73967,7,0
18.74406,7,0
18.74847,7,0
18.75286,7,0
18.75722,7,0
18.76161,7,0
18.76594,7,0
18.77042,7,0
18.77481,7,0
18.77908,7,0
18.78339,7,0
18.78771,7,0
18.79221,7,0
18.79653,7,0
18.80078,7,0
18.80506,7,0
18.80945,7,0
18.81388,7,0
18.81818,7,0
18.82252,7,0
18.82723,7,0
18.83156,7,0
18.83603,7,0
18.84029,7,0
18.84488,7,0
18.84916,7,0
18.85354,7,0
18.85805,7,0
18.86236,7,0
18.86672,7,0
18.87098,7,0
18.87525,7,0
18.87956,7,0
18.88392,7,0
18.88831,7,0
18.89264,7,0
18.90101,7,0
18.90537,7,0
18.90972,7,0
18.91409,7,0
18.91836,7,0
18.92267,7,0
18.92728,7,0
18.93175,7,0
18.93615,7,0
18.94047,7,0
18.94485,7,0
18.94946,7,0
18.95378,7,0
18.95807,7,0
18.96246,7,0
18.96683,7,0
18.97131,7,0
18.97563,7,0
18.98001,7,0
18.98444,7,0
18.9888,7,0
18.99364,7,0
18.99869,7,0
19.00311,7,0
19.0076,7,0
19.01207,7,0
19.01648,7,0
19.02079,7,0
19.02536,7,0
19.02969,7,0
19.03411,7,0
19.03853,7,0
19.04287,7,0
19.04734,7,0
19.05169,7,0
19.05617,7,0
19.06063,7,0
19.06502,7,0
19.06941,7,0
19.07388,7,0
19.07833,7,0
19.08266,7,0
19.08721,7,0
19.09157,7,0
19.09624,7,0
19.10065,7,0
19.10518,7,0
19.10967,7,0
19.11409,7,0
19.11867,7,0
19.12309,7,0
19.12754,7,0
19.13195,7,0
19.13674,7,0
19.14141,7,0
19.14585,7,0
19.15063,7,0
19.15525,7,0
19.15967,7,0
19.16434,7,0
19.16925,7,0
19.17379,7,0
19.17824,7,0
19.18261,7,0
19.18702,7,0
19.19152,7,0
19.19595,7,0
19.20031,7,0
19.20478,7,0
19.20943,7,0
19.21393,7,0
19.21839,7,0
19.22273,7,0
19.22738,7,0
19.23202,7,0
19.23671,7,0
19.24166,7,0
19.2472,7,0
19.25173,7,0
19.25614,7,0
19.26102,7,0
19.26561,7,0
19.27016,7,0
19.27477,7,0
19.27921,7,0
19.28363,7,0
19.2882,7,0
19.2928,7,0
19.29733,7,0
19.30243,7,0
19.30692,7,0
19.31167,7,0
19.31629,7,0
19.32087,7,0
19.32538,7,0
19.33027,7,0
19.3351,7,0
19.33962,7,0
19.3445,7,0
19.34912,7,0
19.35803,7,0
19.36247,7,0
19.36745,7,0
19.37643,7,0
19.38667,7,0
19.39156,7,0
19.39878,7,0
19.40337,7,0
19.40782,7,0
19.41358,7,0
19.41788,7,0
19.42379,7,0
19.42992,7,0
19.4356,7,0
19.43999,7,0
19.44582,7,0
19.45151,7,0
19.45613,7,0
19.46192,7,0
19.46629,7,0
19.47065,7,0
19.47508,7,0
19.47941,7,0
19.48375,7,0
19.48813,7,0
19.49264,7,0
19.49705,7,0
19.50131,7,0
19.50577,7,0
19.5101,7,0
19.51457,7,0
19.51897,7,0
19.52331,7,0
19.52764,7,0
19.53197,7,0
19.53651,7,0
19.54088,7,0
19.54524,7,0
19.54968,7,0
19.55425,7,0
19.55892,7,0
19.56329,7,0
19.56768,7,0
19.57198,7,0
19.57632,7,0
19.58077,7,0
19.5851,7,0
19.58944,7,0
19.59379,7,0
19.59828,7,0
19.60295,7,0
19.609,7,0
19.61341,7,0
19.61908,7,0
19.62469,7,0
19.62915,7,0
19.63481,7,0
19.64056,7,0
19.64502,7,0
19.65082,7,0
19.65668,7,0
19.66235,7,0
19.66668,7,0
19.6711,7,0
19.67546,7,0
19.68565,7,0
19.69005,7,0
19.69583,7,0
19.70149,7,0
19.70597,7,0
19.71162,7,0
19.71728,7,0
19.72293,7,0
19.72734,7,0
19.73301,7,0
19.73738,7,0
19.74316,7,0
19.74889,7,0
19.75328,7,0
19.75924,7,0
19.76488,7,0
19.76945,7,0
19.77527,7,0
19.781,7,0
19.78538,7,0
19.79112,7,0
19.79686,7,0
19.80265,7,0
19.80697,7,0
19.81276,7,0
19.81846,7,0
19.82289,7,0
19.82861,7,0
19.83442,7,0
19.83877,7,0
19.84457,7,0
19.85028,7,0
19.8546,7,0
19.86056,7,0
19.86633,7,0
19.87066,7,0
19.87641,7,0
19.88214,7,0
19.88804,7,0
19.89245,7,0
19.89816,7,0
19.90384,7,0
19.90844,7,0
19.91458,7,0
19.92031,7,0
19.92467,7,0
19.93043,7,0
19.93612,7,0
19.94182,7,0
19.94616,7,0
19.95054,7,0
19.95489,7,0
19.95914,7,0
20.03942,7,0
20.0798,7,0
20.13675,7,0
20.15182,7,0
20.15648,7,0
20.16094,7,0
20.16552,7,0
20.16993,7,0
20.17429,7,0
20.17898,7,0
20.1841,7,0
20.18905,7,0
20.19362,7,0
20.19834,7,0
20.20285,7,0
20.20761,7,0
20.21223,7,0
20.21665,7,0
20.22128,7,0
20.23472,7,0
20.24036,7,0
20.245,7,0
20.24959,7,0
20.25404,7,0
20.25854,7,0
20.26299,7,0
20.26743,7,0
20.2719,7,0
20.27656,7,0
20.28102,7,0
20.28545,7,0
20.28992,7,0
20.2943,7,0
20.29873,7,0
20.3032,7,0
20.30762,7,0
20.31204,7,0
20.31643,7,0
20.32114,7,0
20.32719,7,0
20.33315,7,0
20.33905,7,0
20.34372,7,0
20.34862,7,0
20.35316,7,0
20.35918,7,0
20.36511,7,0
20.37099,7,0
20.37562,7,0
20.38159,7,0
20.38755,7,0
20.39349,7,0
20.39808,7,0
20.40262,7,0
20.40714,7,0
20.41165,7,0
20.41636,7,0
20.42079,7,0
20.42519,7,0
20.42964,7,0
20.43402,7,0
20.43843,7,0
20.44297,7,0
20.44739,7,0
20.45178,7,0
20.45653,7,0
20.46112,7,0
20.46557,7,0
20.47001,7,0
20.47441,7,0
20.47883,7,0
20.48328,7,0
20.49196,7,0
20.4966,7,0
20.50115,7,0
20.50567,7,0
20.51012,7,0
20.51449,7,0
20.51893,7,0
20.52354,7,0
20.52819,7,0
20.53262,7,0
20.53698,7,0
20.54142,7,0
20.54606,7,0
20.55046,7,0
20.55485,7,0
20.5593,7,0
20.56387,7,0
20.56828,7,0
20.57426,7,0
20.57866,7,0
20.58306,7,0
20.58774,7,0
20.59217,7,0
20.5981,7,0
20.60262,7,0
20.60868,7,0
20.61464,7,0
20.62061,7,0
20.62503,7,0
20.6296,7,0
20.6357,7,0
20.6401,7,0
20.64619,7,0
20.65061,7,0
20.65504,7,0
20.66131,7,0
20.66726,7,0
20.67167,7,0
20.67769,7,0
20.68233,7,0
20.68675,7,0
20.69128,7,0
20.69569,7,0
20.70008,7,0
20.70473,7,0
20.70917,7,0
20.71366,7,0
20.71808,7,0
20.72251,7,0
20.72695,7,0
20.73131,7,0
20.73576,7,0
20.74023,7,0
20.74478,7,0
20.74918,7,0
20.75516,7,0
20.75965,7,0
20.76406,7,0
20.76879,7,0
20.77493,7,0
20.77936,7,0
20.78385,7,0
20.78835,7,0
20.79426,7,0
20.80019,7,0
20.80474,7,0
20.81077,7,0
20.81676,7,0
20.82121,7,0
20.82718,7,0
20.83455,7,0
20.84041,7,0
20.84665,7,0
20.85115,7,0
20.85714,7,0
20.86419,7,0
20.87011,7,0
20.87456,7,0
20.88058,7,0
20.88648,7,0
20.89091,7,0
20.89708,7,0
20.90284,7,0
20.90882,7,0
20.91327,7,0
20.91774,7,0
20.92371,7,0
20.92828,7,0
20.93275,7,0
20.93717,7,0
20.94321,7,0
20.9491,7,0
20.95496,7,0
20.95942,7,0
20.9654,7,0
20.97158,7,0
20.97621,7,0
20.98353,7,0
20.99039,7,0
20.99669,7,0
21.00263,7,0
21.00725,7,0
21.0133,7,0
21.01923,7,0
21.02518,7,0
21.02963,7,0
21.03559,7,0
21.04154,7,0
21.04603,7,0
21.05219,7,0
21.05811,7,0
21.06402,7,0
21.06846,7,0
21.07442,7,0
21.08064,7,0
21.08507,7,0
21.09097,7,0
21.09692,7,0
21.10301,7,0
21.10755,7,0
21.1135,7,0
21.11942,7,0
21.1239,7,0
21.12988,7,0
21.13581,7,0
21.14196,7,0
21.14644,7,0
21.15239,7,0
21.15691,7,0
21.16132,7,0
21.16573,7,0
21.17024,7,0
21.17492,7,0
21.17943,7,0
21.18385,7,0
21.18825,7,0
21.19276,7,0
21.19735,7,0
21.2018,7,0
21.20635,7,0
21.21088,7,0
21.21536,7,0
21.21993,7,0
21.22439,7,0
21.22888,7,0
21.23386,7,0
21.23849,7,0
21.2472,7,0
21.25175,7,0
21.25616,7,0
21.26075,7,0
21.26517,7,0
21.27111,7,0
21.27703,7,0
21.28161,7,0
21.28621,7,0
21.29239,7,0
21.29837,7,0
21.30287,7,0
21.30741,7,0
21.31351,7,0
21.31795,7,0
21.32395,7,0
21.32985,7,0
21.33424,7,0
21.33878,7,0
21.34323,7,0
21.34923,7,0
21.35362,7,0
21.35982,7,0
21.36425,7,0
21.36864,7,0
21.37315,7,0
21.37911,7,0
21.38495,7,0
21.38935,7,0
21.39381,7,0
21.3983,7,0
21.40289,7,0
21.40732,7,0
21.41173,7,0
21.41614,7,0
21.42054,7,0
21.42517,7,0
21.42969,7,0
21.4343,7,0
21.44036,7,0
21.44514,7,0
21.44982,7,0
21.45428,7,0
21.45865,7,0
21.4632,7,0
21.46785,7,0
21.47223,7,0
21.47667,7,0
21.48109,7,0
21.48555,7,0
21.48998,7,0
21.49446,7,0
21.49895,7,0
21.50334,7,0
21.50782,7,0
21.5123,7,0
21.51828,7,0
21.52265,7,0
21.52707,7,0
21.53169,7,0
21.53604,7,0
21.54051,7,0
21.54496,7,0
21.54933,7,0
21.55382,7,0
21.5583,7,0
21.5627,7,0
21.56711,7,0
21.57171,7,0
21.57761,7,0
21.58207,7,0
21.58655,7,0
21.59092,7,0
21.59576,7,0
21.60023,7,0
21.60461,7,0
21.60911,7,0
21.61351,7,0
21.61789,7,0
21.62237,7,0
21.62677,7,0
21.63115,7,0
21.63577,7,0
21.64013,7,0
21.6447,7,0
21.64927,7,0
21.65364,7,0
21.65828,7,0
21.66276,7,0
21.66721,7,0
21.6716,7,0
21.67622,7,0
21.68063,7,0
21.68507,7,0
21.68966,7,0
21.69406,7,0
21.69868,7,0
21.70307,7,0
21.70748,7,0
21.71196,7,0
21.71638,7,0
21.7209,7,0
21.72569,7,0
21.73016,7,0
21.73485,7,0
21.73968,7,0
21.74408,7,0
21.74885,7,0
21.75334,7,0
21.7578,7,0
21.76247,7,0
21.76693,7,0
21.77137,7,0
21.77585,7,0
21.78179,7,0
21.78626,7,0
21.79076,7,0
21.79525,7,0
21.80119,7,0
21.80739,7,0
21.81187,7,0
21.81637,7,0
21.82236,7,0
21.82833,7,0
21.83296,7,0
21.83737,7,0
21.84328,7,0
21.84783,7,0
21.8524,7,0
21.85689,7,0
21.8628,7,0
21.86727,7,0
21.87173,7,0
21.88245,7,0
21.8923,7,0
21.89976,7,0
21.91653,7,0
21.92255,7,0
21.93376,7,0
21.9395,7,0
21.94406,7,0
21.94854,7,0
21.95295,7,0
21.95737,7,0
21.96189,7,0
21.96634,7,0
21.97084,7,0
21.97548,7,0
21.97987,7,0
21.98439,7,0
21.98885,7,0
21.99321,7,0
22.00018,7,0
22.00706,7,0
22.01161,7,0
22.01819,7,0
22.02272,7,0
22.02725,7,0
22.03169,7,0
22.03611,7,0
22.04055,7,0
22.04508,7,0
22.04978,7,0
22.05591,7,0
22.06199,7,0
22.07208,7,0
22.07799,7,0
22.0825,7,0
22.08844,7,0
22.09443,7,0
22.10033,7,0
22.10478,7,0
22.11073,7,0
22.11663,7,0
22.12104,7,0
22.12691,7,0
22.13276,7,0
22.13888,7,0
22.14338,7,0
22.14926,7,0
22.15515,7,0
22.16108,7,0
22.16558,7,0
22.17148,7,0
22.17735,7,0
22.18184,7,0
22.1879,7,0
22.19384,7,0
22.1983,7,0
22.20446,7,0
22.21036,7,0
22.21507,7,0
22.22094,7,0
22.22687,7,0
22.23136,7,0
22.23721,7,0
22.24329,7,0
22.24926,7,0
22.2551,7,0
22.25962,7,0
22.26593,7,0
22.27188,7,0
22.27635,7,0
22.28232,7,0
22.28822,7,0
22.29321,7,0
22.29917,7,0
22.30508,7,0
22.31103,7,0
22.31689,7,0
22.32134,7,0
22.32726,7,0
22.33315,7,0
22.33765,7,0
22.34371,7,0
22.34821,7,0
22.35265,7,0
22.35886,7,0
22.36334,7,0
22.36808,7,0
22.37399,7,0
22.37845,7,0
22.38285,7,0
22.38756,7,0
22.39201,7,0
22.39639,7,0
22.40083,7,0
22.40533,7,0
22.40999,7,0
22.41446,7,0
22.4189,7,0
22.42334,7,0
22.42786,7,0
22.43231,7,0
22.43671,7,0
22.44126,7,0
22.44567,7,0
22.45035,7,0
22.45489,7,0
22.45931,7,0
22.46378,7,0
22.46837,7,0
22.47286,7,0
22.47738,7,0
22.4818,7,0
22.4862,7,0
22.49205,7,0
22.49666,7,0
22.50108,7,0
22.50703,7,0
22.51317,7,0
22.51794,7,0
22.52245,7,0
22.52691,7,0
22.53279,7,0
22.53867,7,0
22.54314,7,0
22.54758,7,0
22.5521,7,0
22.55658,7,0
22.56272,7,0
22.56721,7,0
22.57165,7,0
22.57752,7,0
22.5834,7,0
22.58808,7,0
22.59249,7,0
22.59691,7,0
22.60136,7,0
22.60583,7,0
22.61028,7,0
22.61472,7,0
22.6191,7,0
22.62355,7,0
22.6282,7,0
22.63261,7,0
22.63709,7,0
22.64156,7,0
22.64593,7,0
22.65042,7,0
22.65495,7,0
22.65937,7,0
22.66401,7,0
22.66875,7,0
22.67318,7,0
22.67766,7,0
22.68223,7,0
22.68667,7,0
22.69134,7,0
22.69601,7,0
22.70048,7,0
22.70488,7,0
22.70935,7,0
22.71383,7,0
22.71831,7,0
22.72272,7,0
22.72722,7,0
22.73186,7,0
22.73624,7,0
22.7407,7,0
22.74512,7,0
22.74953,7,0
22.75412,7,0
22.75859,7,0
22.76305,7,0
22.76748,7,0
22.77193,7,0
22.77646,7,0
22.78093,7,0
22.78539,7,0
22.78992,7,0
22.7945,7,0
22.79887,7,0
22.80343,7,0
22.80796,7,0
22.81234,7,0
22.81721,7,0
22.82166,7,0
22.82605,7,0
22.83055,7,0
22.83889,7,0
22.84364,7,0
22.84807,7,0
22.85265,7,0
22.85715,7,0
22.86171,7,0
22.86619,7,0
22.87067,7,0
22.8751,7,0
22.87955,7,0
22.88443,7,0
22.88895,7,0
22.89343,7,0
22.898,7,0
22.90241,7,0
22.90687,7,0
22.9113,7,0
22.91575,7,0
22.92019,7,0
22.92687,7,0
22.93287,7,0
22.93748,7,0
22.94204,7,0
22.94652,7,0
22.95091,7,0
22.95531,7,0
22.96008,7,0
22.96467,7,0
22.96932,7,0
22.97374,7,0
22.97841,7,0
22.98284,7,0
22.98726,7,0
22.99171,7,0
22.99616,7,0
23.00071,7,0
23.00519,7,0
23.00986,7,0
23.01429,7,0
23.02011,7,0
23.02458,7,0
23.03055,7,0
23.03644,7,0
23.04087,7,0
23.04701,7,0
23.05342,7,0
23.05939,7,0
23.06534,7,0
23.06974,7,0
23.07589,7,0
23.08177,7,0
23.08626,7,0
23.0922,7,0
23.09818,7,0
23.1026,7,0
23.10861,7,0
23.11453,7,0
23.11898,7,0
23.12522,7,0
23.13113,7,0
23.13701,7,0
23.14298,7,0
23.14746,7,0
23.15341,7,0
23.15928,7,0
23.16381,7,0
23.16973,7,0
23.17574,7,0
23.18016,7,0
23.18613,7,0
23.19226,7,0
23.19689,7,0
23.20299,7,0
23.20899,7,0
23.21488,7,0
23.21934,7,0
23.22542,7,0
23.23139,7,0
23.23728,7,0
23.24174,7,0
23.24631,7,0
23.25087,7,0
23.25536,7,0
23.25984,7,0
23.26421,7,0
23.26868,7,0
23.27316,7,0
23.27782,7,0
23.28227,7,0
23.28674,7,0
23.29124,7,0
23.29573,7,0
23.30014,7,0
23.30457,7,0
23.30908,7,0
23.31365,7,0
23.31805,7,0
23.32253,7,0
23.32692,7,0
23.33141,7,0
23.33591,7,0
23.34031,7,0
23.34482,7,0
23.3493,7,0
23.35389,7,0
23.35841,7,0
23.36291,7,0
23.36736,7,0
23.37176,7,0
23.3764,7,0
23.38093,7,0
23.38539,7,0
23.38983,7,0
23.39433,7,0
23.39884,7,0
23.40323,7,0
23.40769,7,0
23.41218,7,0
23.41679,7,0
23.42125,7,0
23.42571,7,0
23.43039,7,0
23.43484,7,0
23.43925,7,0
23.44376,7,0
23.44823,7,0
23.4526,7,0
23.45724,7,0
23.46172,7,0
23.46606,7,0
23.47053,7,0
23.47517,7,0
23.47991,7,0
23.48436,7,0
23.48886,7,0
23.49333,7,0
23.49781,7,0
23.50226,7,0
23.50671,7,0
23.5112,7,0
23.51714,7,0
23.5218,7,0
23.52643,7,0
23.53092,7,0
23.53542,7,0
23.54134,7,0
23.54601,7,0
23.55043,7,0
23.55489,7,0
23.55946,7,0
23.56535,7,0
23.5713,7,0
23.57572,7,0
23.58051,7,0
23.58498,7,0
23.58952,7,0
23.59546,7,0
23.59991,7,0
23.60584,7,0
23.61026,7,0
23.61903,7,0
23.62354,7,0
23.62804,7,0
23.63254,7,0
23.63701,7,0
23.64149,7,0
23.64595,7,0
23.65189,7,0
23.65634,7,0
23.66092,7,0
23.66543,7,0
23.66987,7,0
23.67425,7,0
23.67872,7,0
23.68315,7,0
23.68762,7,0
23.69213,7,0
23.69807,7,0
23.70245,7,0
23.70845,7,0
23.71291,7,0
23.71728,7,0
23.72322,7,0
23.72794,7,0
23.73262,7,0
23.73707,7,0
23.743,7,0
23.74747,7,0
23.75345,7,0
23.75795,7,0
23.7624,7,0
23.7684,7,0
23.77298,7,0
23.77899,7,0
23.78483,7,0
23.79078,7,0
23.79526,7,0
23.80145,7,0
23.80739,7,0
23.8133,7,0
23.81778,7,0
23.8238,7,0
23.82968,7,0
23.83409,7,0
23.84007,7,0
23.84608,7,0
23.85073,7,0
23.85669,7,0
23.8626,7,0
23.86858,7,0
23.87301,7,0
23.87927,7,0
23.88539,7,0
23.8914,7,0
23.8958,7,0
23.90175,7,0
23.90769,7,0
23.91219,7,0
23.91815,7,0
23.92406,7,0
23.92875,7,0
23.93506,7,0
23.94016,7,0
23.94499,7,0
23.94952,7,0
23.9543,7,0
23.95881,7,0
23.96368,7,0
23.96845,7,0
23.9729,7,0
23.97776,7,0
23.98229,7,0
23.9872,7,0
23.99212,7,0
23.99685,7,0
24.00163,7,0
24.00653,7,0
24.01111,7,0
24.01589,7,0
24.02037,7,0
24.02524,7,0
24.03004,7,0
24.03449,7,0
24.03976,7,0
24.04441,7,0
24.04926,7,0
24.05409,7,0
24.05865,7,0
24.0636,7,0
24.06809,7,0
24.07287,7,0
24.07775,7,0
24.08224,7,0
24.08699,7,0
24.09178,7,0
24.09629,7,0
24.10112,7,0
24.10582,7,0
24.11066,7,0
24.11517,7,0
24.12,7,0
24.12484,7,0
24.12936,7,0
24.13384,7,0
24.13826,7,0
24.14267,7,0
24.14734,7,0
24.15184,7,0
24.15631,7,0
24.1607,7,0
24.16516,7,0
24.16984,7,0
24.17425,7,0
24.18059,7,0
24.18549,7,0
24.19026,7,0
24.19472,7,0
24.19924,7,0
24.20368,7,0
24.20813,7,0
24.21289,7,0
24.21736,7,0
24.22177,7,0
24.22629,7,0
24.23076,7,0
24.23536,7,0
24.2398,7,0
24.24426,7,0
24.24873,7,0
24.2532,7,0
24.25769,7,0
24.26223,7,0
24.26776,7,0
24.27249,7,0
24.2773,7,0
24.28187,7,0
24.2863,7,0
24.29076,7,0
24.2953,7,0
24.2998,7,0
24.30458,7,0
24.30917,7,0
24.31399,7,0
24.31869,7,0
24.32321,7,0
24.32768,7,0
24.33209,7,0
24.33668,7,0
24.34151,7,0
24.34599,7,0
24.35053,7,0
24.35497,7,0
24.35944,7,0
24.36397,7,0
24.3684,7,0
24.37288,7,0
24.37734,7,0
24.38191,7,0
24.38638,7,0
24.39085,7,0
24.39541,7,0
24.39987,7,0
24.40429,7,0
24.40876,7,0
24.41329,7,0
24.42235,7,0
24.42736,7,0
24.43205,7,0
24.43662,7,0
24.44128,7,0
24.4458,7,0
24.45044,7,0
24.45496,7,0
24.45938,7,0
24.46383,7,0
24.46835,7,0
24.47282,7,0
24.47735,7,0
24.4818,7,0
24.4864,7,0
24.49119,7,0
24.4959,7,0
24.50042,7,0
24.50497,7,0
24.50943,7,0
24.51406,7,0
24.51856,7,0
24.52305,7,0
24.52751,7,0
24.53222,7,0
24.5367,7,0
24.54113,7,0
24.54566,7,0
24.55011,7,0
24.55472,7,0
24.55932,7,0
24.56377,7,0
24.56822,7,0
24.57266,7,0
24.57717,7,0
24.58168,7,0
24.58618,7,0
24.5906,7,0
24.59535,7,0
24.59986,7,0
24.6043,7,0
24.60886,7,0
24.61335,7,0
24.61774,7,0
24.6222,7,0
24.62672,7,0
24.63116,7,0
24.6358,7,0
24.64024,7,0
24.64468,7,0
24.64942,7,0
24.65383,7,0
24.65835,7,0
24.66285,7,0
24.66741,7,0
24.67197,7,0
24.67643,7,0
24.68087,7,0
24.68539,7,0
24.68989,7,0
24.69437,7,0
24.69902,7,0
24.70346,7,0
24.70793,7,0
24.7124,7,0
24.71685,7,0
24.72132,7,0
24.72585,7,0
24.73025,7,0
24.73484,7,0
24.73963,7,0
24.74411,7,0
24.7486,7,0
24.7531,7,0
24.75753,7,0
24.76228,7,0
24.76678,7,0
24.77124,7,0
24.77577,7,0
24.78021,7,0
24.78466,7,0
24.78918,7,0
24.79358,7,0
24.79807,7,0
24.80296,7,0
24.80748,7,0
24.81192,7,0
24.81643,7,0
24.82086,7,0
24.82531,7,0
24.82988,7,0
24.8343,7,0
24.83872,7,0
24.8434,7,0
24.84791,7,0
24.85241,7,0
24.85692,7,0
24.86147,7,0
24.86618,7,0
24.87067,7,0
24.8757,7,0
24.88023,7,0
24.88566,7,0
24.89155,7,0
24.89609,7,0
24.90055,8,0
24.9053,8,0
24.90981,8,0
24.91431,8,0
24.91903,8,0
24.92345,8,0
24.92811,8,0
24.93256,8,0
24.93697,8,0
24.94149,8,0
24.94606,8,0
24.95052,8,0
24.95523,8,0
24.95993,8,0
24.9653,8,0
24.97137,8,0
24.97597,8,0
24.98042,8,0
24.98512,8,0
24.98972,8,0
24.99435,8,0
24.99878,8,0
25.00325,8,0
25.00786,8,0
25.01238,8,0
25.01688,8,0
25.02128,8,0
25.02595,8,0
25.03039,8,0
25.03499,8,0
25.03948,8,0
25.04393,8,0
25.04856,8,0
25.05301,8,0
25.05755,8,0
25.06223,8,0
25.067,8,0
25.07154,8,0
25.0762,8,0
25.08074,8,0
25.08538,8,0
25.08978,8,0
25.09427,8,0
25.09873,8,0
25.10319,8,0
25.10814,8,0
25.11258,8,0
25.11703,8,0
25.12148,8,0
25.12617,8,0
25.13061,8,0
25.13505,8,0
25.13963,8,0
25.14411,8,0
25.14877,8,0
25.15325,8,0
25.15771,8,0
25.16218,8,0
25.16683,8,0
25.17139,8,0
25.17591,8,0
25.18052,8,0
25.1852,8,0
25.1897,8,0
25.19415,8,0
25.19861,8,0
25.20329,8,0
25.20788,8,0
25.21235,8,0
25.21681,8,0
25.22124,8,0
25.22593,8,0
25.23032,8,0
25.23479,8,0
25.23926,8,0
25.24388,8,0
25.25264,8,0
25.25715,8,0
25.26195,8,0
25.26661,8,0
25.27104,8,0
25.27557,8,0
25.28006,8,0
25.28465,8,0
25.28947,8,0
25.29408,8,0
25.29848,8,0
25.30297,8,0
25.30767,8,0
25.3124,8,0
25.3169,8,0
25.32136,8,0
25.32593,8,0
25.33047,8,0
25.33497,8,0
25.33941,8,0
25.34393,8,0
25.34866,8,0
25.35331,8,0
25.35872,8,0
25.36478,9,0
25.36959,9,0
25.37405,9,0
25.37857,9,0
25.38307,9,0
25.38788,9,0
25.39243,9,0
25.39699,9,0
25.40144,9,0
25.40606,9,0
25.41166,9,0
25.41791,9,0
25.42246,9,0
25.42719,9,0
25.43168,9,0
25.43616,9,0
25.44094,9,0
25.4458,9,0
25.45026,9,0
25.45477,9,0
25.4593,9,0
25.46404,9,0
25.46868,9,0
25.47316,9,0
25.47776,9,0
25.48243,9,0
25.48811,9,0
25.4927,9,0
25.49725,9,0
25.50171,9,0
25.50638,9,0
25.51099,9,0
25.51548,9,0
25.51995,9,0
25.52443,9,0
25.52907,9,0
25.53352,9,0
25.53798,9,0
25.54241,9,0
25.54728,9,0
25.55177,9,0
25.55628,9,0
25.56075,9,0
25.56539,9,0
25.57004,9,0
25.57451,9,0
25.57907,9,0
25.58349,9,0
25.58833,9,0
25.59289,9,0
25.59737,9,0
25.60188,9,0
25.60654,9,0
25.61117,9,0
25.61566,9,0
25.62007,9,0
25.62476,9,0
25.6293,9,0
25.63373,9,0
25.63818,9,0
25.64269,9,0
25.64731,9,0
25.65198,9,0
25.65647,9,0
25.6609,9,0
25.6655,9,0
25.67005,9,0
25.67451,9,0
25.67903,9,0
25.68344,9,0
25.68806,9,0
25.69279,9,0
25.69727,9,0
25.70172,9,0
25.70634,9,0
25.7108,9,0
25.71544,9,0
25.72013,9,0
25.72479,9,0
25.72926,9,0
25.73414,9,0
25.73904,9,0
25.74358,9,0
25.74829,9,0
25.75277,9,0
25.75738,9,0
25.76198,9,0
25.76664,9,0
25.77109,9,0
25.77566,9,0
25.78014,9,0
25.78477,9,0
25.7893,9,0
25.79379,9,0
25.79841,9,0
25.80289,9,0
25.80766,9,0
25.81207,9,0
25.81653,9,0
25.82112,9,0
25.82572,9,0
25.83027,9,0
25.83468,9,0
25.83915,9,0
25.84367,9,0
25.84827,9,0
25.85276,9,0
25.85733,9,0
25.86193,9,0
25.86654,9,0
25.87127,9,0
25.87573,9,0
25.8802,9,0
25.88488,9,0
25.88933,9,0
25.89382,9,0
25.89834,9,0
25.90293,9,0
25.90747,9,0
25.91198,9,0
25.91641,9,0
25.92091,9,0
25.9257,9,0
25.93021,9,0
25.9347,9,0
25.93922,9,0
25.9437,9,0
25.94821,9,0
25.95263,9,0
25.95708,9,0
25.96161,9,0
25.96628,9,0
25.97072,9,0
25.97526,9,0
25.9797,9,0
25.98413,9,0
25.98872,9,0
25.99323,9,0
25.99812,9,0
26.00272,9,0
26.0073,9,0
26.01223,9,0
26.01681,9,0
26.02182,9,0
26.02672,9,0
26.03193,9,0
26.03659,9,0
26.04104,9,0
26.04559,9,0
26.05006,9,0
26.0545,9,0
26.05905,9,0
26.06352,9,0
26.06797,9,0
26.07266,9,0
26.07713,9,0
26.08199,9,0
26.09056,9,0
26.0953,9,0
26.10018,9,0
26.10476,9,0
26.10925,9,0
26.11372,9,0
26.11835,9,0
26.12279,9,0
26.12737,9,0
26.13184,9,0
26.13632,9,0
26.14106,9,0
26.1455,9,0
26.15002,9,0
26.15446,9,0
26.15894,9,0
26.16345,9,0
26.16792,9,0
26.17263,9,0
26.17714,9,0
26.18178,9,0
26.18638,9,0
26.19114,9,0
26.19567,9,0
26.20015,9,0
26.20515,9,0
26.20967,9,0
26.21415,9,0
26.21869,9,0
26.22336,9,0
26.22787,9,0
26.23239,9,0
26.23676,9,0
26.24125,9,0
26.24598,9,0
26.25054,9,0
26.25505,9,0
26.25956,9,0
26.26405,9,0
26.26858,9,0
26.27306,9,0
26.27749,9,0
26.28199,9,0
26.28668,9,0
26.29109,9,0
26.29568,9,0
26.30015,9,0
26.30459,9,0
26.3092,9,0
26.31396,9,0
26.31845,9,0
26.32359,9,0
26.3287,9,0
26.33324,9,0
26.3381,9,0
26.34268,9,0
26.34751,9,0
26.35259,9,0
26.35723,9,0
26.36206,9,0
26.36659,9,0
26.37138,9,0
26.37621,9,0
26.38074,9,0
26.38563,9,0
26.39017,9,0
26.39517,9,0
26.40006,9,0
26.40466,9,0
26.40946,9,0
26.41433,9,0
26.41889,9,0
26.42369,9,0
26.42833,9,0
26.43322,9,0
26.43825,9,0
26.44285,9,0
26.44773,9,0
26.45225,9,0
26.457,9,0
26.46183,9,0
26.46643,9,0
26.4712,9,0
26.47636,9,0
26.48116,9,0
26.48605,9,0
26.49062,9,0
26.49565,9,0
26.50061,9,0
26.50635,9,0
26.51133,9,0
26.51734,9,0
26.52195,9,0
26.527,9,0
26.53187,9,0
26.53644,9,0
26.54116,9,0
26.54623,9,0
26.55081,9,0
26.55586,9,0
26.56061,9,0
26.5654,9,0
26.57044,9,0
26.57501,9,0
26.57985,9,0
26.58442,9,0
26.58926,9,0
26.5943,9,0
26.59888,9,0
26.60364,9,0
26.60831,9,0
26.61325,9,0
26.61802,9,0
26.62261,9,0
26.62763,9,0
26.63244,9,0
26.63741,9,0
26.64253,9,0
26.64709,9,0
26.65189,9,0
26.65689,9,0
26.66148,9,0
26.66634,9,0
26.67097,9,0
26.67586,9,0
26.68066,9,0
26.68531,9,0
26.6902,9,0
26.69553,9,0
26.70016,9,0
26.70499,9,0
26.70977,9,0
26.71437,9,0
26.71918,9,0
26.72397,9,0
26.72877,9,0
26.73363,9,0
26.73826,9,0
26.74309,9,0
26.74792,9,0
26.75274,9,0
26.75726,9,0
26.76209,9,0
26.76715,9,0
26.77191,9,0
26.77649,9,0
26.7815,9,0
26.78609,9,0
26.791,9,0
26.79584,9,0
26.80043,9,0
26.80522,9,0
26.80988,9,0
26.81471,9,0
26.81927,9,0
26.82411,9,0
26.82897,9,0
26.83374,9,0
26.83856,9,0
26.84342,9,0
26.84802,9,0
26.85261,9,0
26.85771,9,0
26.86236,9,0
26.86717,9,0
26.87182,9,0
26.87685,9,0
26.88168,9,0
26.88643,9,0
26.89123,9,0
26.89579,9,0
26.90086,9,0
26.90573,9,0
26.91035,9,0
26.9152,9,0
26.92023,9,0
26.92479,9,0
26.92954,9,0
26.93589,9,0
26.94048,9,0
26.94527,9,0
26.94979,9,0
26.95877,9,0
26.96377,9,0
26.96864,9,0
26.97458,9,0
26.97944,9,0
26.98426,9,0
26.98883,9,0
26.99372,9,0
26.99839,9,0
27.00291,9,0
27.00772,9,0
27.01247,9,0
27.01701,9,0
27.0218,9,0
27.02633,9,0
27.03088,9,0
27.0355,9,0
27.03989,9,0
27.04439,9,0
27.04888,9,0
27.0533,9,0
27.05786,9,0
27.06227,9,0
27.06682,9,0
27.07129,9,0
27.07619,9,0
27.08077,9,0
27.08529,9,0
27.0904,9,0
27.09541,9,0
27.10031,9,0
27.1054,9,0
27.11017,9,0
27.11468,9,0
27.11941,9,0
27.12388,9,0
27.12838,9,0
27.13284,9,0
27.13731,9,0
27.14201,9,0
27.14643,9,0
27.15092,9,0
27.15541,9,0
27.15985,9,0
27.16449,9,0
27.16901,9,0
27.17343,9,0
27.17799,9,0
27.18266,9,0
27.1871,9,0
27.19163,9,0
27.19606,9,0
27.20055,9,0
27.20503,9,0
27.20946,9,0
27.21391,9,0
27.21839,9,0
27.22297,9,0
27.22748,9,0
27.23196,9,0
27.23633,9,0
27.24097,9,0
27.24583,9,0
27.25024,9,0
27.25463,9,0
27.25922,9,0
27.26362,9,0
27.26814,9,0
27.27258,9,0
27.27699,9,0
27.28145,9,0
27.28609,9,0
27.29061,9,0
27.29507,9,0
27.29949,9,0
27.30397,9,0
27.30869,9,0
27.31314,9,0
27.31758,9,0
27.32202,9,0
27.32661,9,0
27.33108,9,0
27.33562,9,0
27.34007,9,0
27.34623,9,0
27.35199,9,0
27.35648,9,0
27.36113,9,0
27.36565,9,0
27.37005,9,0
27.37438,9,0
27.3789,9,0
27.38329,9,0
27.38766,9,0
27.39236,9,0
27.39682,9,0
27.4012,9,0
27.4056,9,0
27.40993,9,0
27.4143,9,0
27.41865,9,0
27.42315,9,0
27.42769,9,0
27.43209,9,0
27.43642,9,0
27.44091,9,0
27.44561,9,0
27.4516,9,0
